Year,Year_scaled,Property_Name,Portfolio_Manager_ID,Building_Type,GFA_sqft,Weekly_Operating_Hours,Electric_Grid_kWh,Natural_Gas_m3,ELEC_factor_used,EUI_ekWh_sqft,GHG_Intensity_kg_sqft,log_EUI,log_GHG_intensity,log_GFA,log_Hours
2017,0,#11 Police Division - NEW,35000256,Police Station,62000,168.0,1123908.182613,35006.923864,0.019,24.15777628194387,1.4290734872966289,3.1846063275202825,0.3570263233054116,11.03488966402723,5.123963979403259
2017,0,#55 Police Division,35000272,Police Station,23519,168.0,553936.11775,13229.038676,0.019,29.560025970903524,1.5280313590648413,3.3864229746622785,0.42398021348193055,10.065563884101888,5.123963979403259
2017,0,Annette R.C,34999449,Community Center,20774,100.0,356478.09547,0.0,0.019,17.159819749205738,0.326036575234909,2.8425705898791076,-1.120745709936589,9.941457483787756,4.605170185988092
2017,0,Annette Street,35000296,Library,7804,70.0,169948.244585,7814.298388,0.019,32.47116239990262,2.337299314513455,3.4803523846702404,0.8489961237413726,8.962391701743002,4.248495242049359
2017,0,Archives and Records Centre,34999102,Office,39590,70.0,480158.208258,46939.289277,0.019,24.790851673057844,2.508041946401086,3.210474700965548,0.9195023476711177,10.586331840100176,4.248495242049359
2017,0,Atlantic Ave Storage Bldg,34999103,Office,43002,70.0,105617.726288,26977.436363,0.019,9.156242654872797,1.2518113588390076,2.214435904018826,0.22459158947193492,10.669001905221974,4.248495242049359
2017,0,Beaches,35000299,Library,7804,70.0,113923.956437,10548.916136,0.019,29.03464643381343,2.874041910502178,3.3684898215090717,1.0557193701887047,8.962391701743002,4.248495242049359
2017,0,Beaches R.C,34999451,Recreation,14445,100.0,161322.837759,0.0,0.019,11.168074611214953,0.2121934176130841,2.4130592268013316,-1.5502570730143652,9.578103612900335,4.605170185988092
2017,0,Central Services Office,34999107,Office,18299,70.0,181378.16795,21082.354917,0.019,22.216389882701787,2.4015186068422865,3.1008302994859838,0.8761012901011738,9.814601692527686,4.248495242049359
2017,0,City Hall,34999109,Office,780061,70.0,13448190.390591,0.0,0.019,17.239921481257234,0.32755850814388743,2.847227710773739,-1.1160885890419576,13.567127400736117,4.248495242049359
2017,0,Danforth Coxwell,35000310,Library,9612,70.0,106006.322594,9829.566667,0.019,21.950280336824804,2.1740238968573657,3.0887799110489547,0.7765797807533085,9.17076759685636,4.248495242049359
2017,0,Davenport,35000311,Library,3606,100.0,81104.791063,0.0,0.019,22.491622590959512,0.4273408292282307,3.113142910587926,-0.850173389227771,8.190354403763262,4.605170185988092
2017,0,Davenport C.C,34999201,Community Center,2282,100.0,8260.675626,3775.388508,0.019,21.289143247782647,3.246921192270815,3.0581972360939025,1.1777072218901672,7.732807530422021,4.605170185988092
2017,0,Deer Park,35000313,Library,16576,70.0,356160.543212,27183.790413,0.019,39.001171864312255,3.558585406877474,3.6635916934810986,1.2693631082777939,9.71571114505921,4.248495242049359
2017,0,Dufferin St Clair,35000316,Library,11208,70.0,108205.928751,17816.588709,0.019,26.631611006702357,3.2371145214362955,3.282098893929282,1.1746823531988255,9.324383088016843,4.248495242049359
2017,0,East York Civic Centre,34999114,Office,67544,70.0,1789712.880129,104399.566785,0.019,43.00456374204666,3.472641722676123,3.761306243597766,1.2449156076792336,11.120534516349336,4.248495242049359
2017,0,Eastview Neighbourhood Comm Ctr,34999208,Community Center,25510,100.0,342962.810824,27415.050909,0.019,24.921817112196003,2.3198983222989025,3.2157436090857567,0.8415233581225047,10.146825811135857,4.605170185988092
2017,0,Evelyn Gregory,35000321,Library,6200,70.0,80490.468504,13247.891031,0.019,35.802894308883864,4.351373801955967,3.578028736755611,1.4704916117826479,8.732304571033183,4.248495242049359
2017,0,Fairbank Memorial R.C.,34999214,Community Center,19364,100.0,258763.016717,39790.945121,0.019,35.30935295441437,4.201348011519521,3.5641478850602564,1.4354054289179405,9.871170951059584,4.605170185988092
2017,0,Fire Academy,34999302,Fire Station,61214,168.0,850405.151064,187895.647647,0.019,46.6744644678335,6.160441026564234,3.843197215721546,1.8181483702040795,11.022131200509191,5.123963979403259
2017,0,Fire Station 131,34999315,Fire Station,5845,168.0,76962.80258399999,16945.332955,0.019,44.12984748390077,5.819380300368008,3.7871363672115987,1.7611937784742058,8.67334187390617,5.123963979403259
2017,0,Fire Station 132,34999316,Fire Station,7664,168.0,91107.25732899999,17140.004979,0.019,35.772770159801674,4.522049511209551,3.5771869939346543,1.5089653227585877,8.944289319650697,5.123963979403259
2017,0,Fire Station 134,34999318,Fire Station,7126,168.0,41916.379894,13754.851658,0.019,26.497080494167832,3.8197419664614087,3.27703455689161,1.3401828722902602,8.871505346165781,5.123963979403259
2017,0,Fire Station 135 - OLD,34999320,Fire Station,10592,168.0,32630.093569,25067.325945,0.019,28.356224949169185,4.60482486009781,3.344846580997318,1.5271046364319643,9.26785427817679,5.123963979403259
2017,0,Fire Station 224,34999335,Fire Station,3767,168.0,58792.835817,11637.272581,0.019,48.60071860421555,6.231023230322273,3.883638316892105,1.8295405617403822,8.23403420769204,5.123963979403259
2017,0,Fire Station 227,34999338,Fire Station,10484,168.0,72581.926376,19114.944706,0.019,26.395415474635634,3.634000894827356,3.2731903388084738,1.2903342162115266,9.257605564443297,5.123963979403259
2017,0,Fire Station 311,34999349,Fire Station,12755,168.0,47248.64862599999,14600.884146,0.019,15.929916997669933,2.269386340130145,2.768198913467073,0.8195094602018579,9.453678630575912,5.123963979403259
2017,0,Fire Station 312,34999350,Fire Station,9806,168.0,108098.219054,25288.982206,0.019,38.5666478700877,5.163573422369162,3.6523878581525184,1.6416288635245289,9.190749722211178,5.123963979403259
2017,0,Fire Station 314,34999352,Fire Station,11937,168.0,50866.472308,24241.851517,0.019,25.950359932106892,3.9821613251243195,3.2561854797317724,1.381824718413596,9.387398099095039,5.123963979403259
2017,0,Fire Station 322,34999355,Fire Station,7535,168.0,47289.372,15249.634115,0.019,27.89057257441274,4.0070398411300605,3.3282887311673797,1.3880527744870481,8.927314111060596,5.123963979403259
2017,0,Fire Station 323,34999356,Fire Station,10236,168.0,108988.179059,38942.39764700001,0.019,51.27911156007817,7.510660539469327,3.937283487190844,2.016323416564628,9.23366619727968,5.123963979403259
2017,0,Fire Station 324,34999357,Fire Station,13153,168.0,57169.67686,20924.551354,0.019,21.336872600982282,3.1386213800177907,3.0604366841021973,1.143783652559325,9.48440514846878,5.123963979403259
2017,0,Fire Station 325,34999358,Fire Station,10129,168.0,125354.586225,26531.655227,0.019,40.350741835261125,5.266960887485635,3.697609779559623,1.661453514516899,9.223157875686796,5.123963979403259
2017,0,Fire Station 332,34999360,Fire Station,24865,168.0,281311.085667,73381.615249,0.019,42.83236422788337,5.884214499135411,3.7572939903812546,1.7722732567204558,10.12121647114884,5.123963979403259
2017,0,Fire Station 334,34999362,Fire Station,13003,168.0,346143.165258,19776.690568,0.019,42.86381762087519,3.4274969407852036,3.758028057961062,1.23183023990403,9.47293537905132,5.123963979403259
2017,0,Fire Station 335,34999363,Fire Station,4402,168.0,86053.891793,10310.150682,0.019,44.56299433820082,4.8707004552905495,3.7969037912563426,1.5832377574070051,8.389814262086407,5.123963979403259
2017,0,Fire Station 341,34999364,Fire Station,9268,168.0,77088.575684,26137.536452,0.019,38.437361349952525,5.575624780134658,3.649029938404524,1.7184043792526014,9.134322885552267,5.123963979403259
2017,0,Fire Station 342,34999365,Fire Station,3057,168.0,24192.21575,12072.284828,0.019,50.089701574432446,7.736510060136736,3.913815429564444,2.0459506892940253,8.025189321890835,5.123963979403259
2017,0,Fire Station 344,34999367,Fire Station,11238,168.0,68891.717935,21717.8975,0.019,26.76978672673073,3.828886255407101,3.287273890624572,1.342573965970638,9.327056171672144,5.123963979403259
2017,0,Fire Station 421,34999373,Fire Station,9461,168.0,104843.727832,24957.421849,0.019,39.254729223054646,5.278008476983088,3.6700719267294635,1.6635488441774342,9.154933364704444,5.123963979403259
2017,0,Fire Station 422,34999374,Fire Station,7944,168.0,62149.107412,16548.806129,0.019,30.071797189038264,4.150439276766994,3.403587762059774,1.4232141784642816,8.980172205725008,5.123963979403259
2017,0,Fire Station 423,34999375,Fire Station,12335,168.0,104212.370091,31114.590625,0.019,35.388423021159305,5.00617459443486,3.5663847333520926,1.6106720694359233,9.420196028963456,5.123963979403259
2017,0,Fire Station 424,34999376,Fire Station,5866,168.0,38844.395424,8792.862232,0.019,22.630781462966247,3.005307170257075,3.1193109912174193,1.1003797824825838,8.676928249537397,5.123963979403259
2017,0,Fire Station 425,34999377,Fire Station,7955,168.0,43547.229615,8860.411905,0.019,17.36975848653677,2.2436516193827782,2.8547306760997464,0.8081047257785262,8.981555940771887,5.123963979403259
2017,0,Fire Station 426,34999378,Fire Station,12486,168.0,159998.180521,31617.773978,0.019,39.85872229745635,5.107937629475973,3.6853412595156496,1.6307957277347382,9.43236329562169,5.123963979403259
2017,0,Fire Station 442,34999385,Fire Station,15479,168.0,201878.463981,19030.186967,0.019,26.172288958496026,2.609514825198398,3.264701177696048,0.9591643133261959,9.647239545573877,5.123963979403259
2017,0,Forestry W District Office,34999118,Office,8999,70.0,86176.777138,22131.600341,0.019,35.84201231024336,4.9063410401914656,3.579120733579744,1.5905284583390136,9.104868739033948,4.248495242049359
2017,0,Former Hydro Building,34999119,Office,22497,70.0,433208.672966,5095.970487,0.019,21.67549618914344,0.8010100943183979,3.076182414637267,-0.2218817298478685,10.021137245969499,4.248495242049359
2017,0,Gerrard Ashdale,35000324,Library,6501,70.0,59796.012643,6422.258334,0.019,19.748612774976156,2.07249384707445,2.983083249638526,0.7287526391806622,8.77971129020447,4.248495242049359
2017,0,Glenlong C.C & A.I.R,34999405,Community Center,10236,100.0,379096.201773,40695.749488,0.019,79.49656177264947,8.341086615878762,4.3757137725822846,2.1211934975574054,9.23366619727968,4.605170185988092
2017,0,Harrison Pool,34999459,Recreation,15263,100.0,238237.299055,97616.189656,0.019,83.91392285796239,12.582533513150823,4.429791545569344,2.5323096231379743,9.633186877915122,4.605170185988092
2017,0,Harwood Hall Community Ctr,34999220,Community Center,4306,100.0,26376.96035,11699.776263,0.019,35.144117705257784,5.335910926120065,3.5594572558955555,1.674459615468008,8.367764677924308,4.605170185988092
2017,0,Health Office,34999121,Office,2540,70.0,12945.063125,1065.239296,0.019,9.575519215070866,0.902472790153937,2.2592097597135887,-0.10261673864352401,7.8399193600125825,4.248495242049359
2017,0,High Park Library,35000327,Library,9494,70.0,161982.201126,17193.642043,0.019,36.40302276650937,3.8031017680637245,3.594651814230785,1.335816988531212,9.158415299111264,4.248495242049359
2017,0,Jane & Dundas,35000332,Library,11603,70.0,154552.694503,14783.104839,0.019,26.927195913429284,2.7005813661359994,3.293136776390213,0.9934670706231998,9.359018964347545,4.248495242049359
2017,0,Jimmie Simpson R.C,34999411,Recreation,43906,100.0,1095405.321322,205192.904243,0.019,74.8614207315,9.451743956541726,4.315638680809418,2.2461992701449858,10.689806263983868,4.605170185988092
2017,0,Joseph J. Piccininni R.C,34999461,Recreation,70030,100.0,1117362.288472,170006.069969,0.019,41.882437751548196,4.966607795108054,3.7348665923204503,1.6027370708791036,11.156679000649563,4.605170185988092
2017,0,Locke,35000338,Library,11647,70.0,183567.398709,62938.446677,0.019,73.4738567201305,10.680221227954666,4.2969296520632065,2.368393547545477,9.362803915102651,4.248495242049359
2017,0,Maria A Shchuka,35000341,Library,25475,70.0,256028.003452,20604.475283,0.019,18.688274758564866,1.7446802388314424,2.9278963089438195,0.5565712946404475,10.145452858090925,4.248495242049359
2017,0,Matty Eckler R.C,34999464,Recreation,47383,100.0,550506.9758060001,118031.785588,0.019,38.22228322153177,5.005987224423569,3.643418675948074,1.610634640953503,10.766018793563921,4.605170185988092
2017,0,McCormick R.C,34999463,Recreation,43099,100.0,1056331.176129,156606.785591,0.019,63.31682048866284,7.445925136702987,4.1481510203702525,2.0076669212370737,10.671255073966524,4.605170185988092
2017,0,Metro Hall,34999123,Office,787186,70.0,8690881.448355,0.0,0.019,11.040442091646701,0.20976839974128733,2.401565084580404,-1.5617512152352926,13.576219840009188,4.248495242049359
2017,0,Moss Park Arena,34999460,Recreation,22335,100.0,895681.278457,0.0,0.019,40.102139174255655,0.7619406443108574,3.6914296788810894,-0.27188662093460714,10.01391023378622,4.605170185988092
2017,0,Mount Dennis,35000346,Library,11345,70.0,136646.588406,7406.115142,0.019,19.016650341345088,1.4828939944906125,2.9453149291652028,0.393995580149572,9.336532397213942,4.248495242049359
2017,0,Mount Dennis Community Ctr,34999236,Community Center,3003,100.0,52765.719395,4727.622021,0.019,34.38452300342325,3.3580787781704964,3.5376065504470855,1.211369018228443,8.00736706798333,4.605170185988092
2017,0,Niagara C.C,34999238,Community Center,5296,100.0,69120.44392199999,0.0,0.019,13.051443338746221,0.2479774234361782,2.568898728323108,-1.3944175714925888,8.574707097616844,4.605170185988092
2017,0,North District Office,34999096,Office,66747,70.0,437159.118292,39868.871875,0.019,12.928800843738296,1.271879277262244,2.5594574463126665,0.24049555260119773,11.108664631432267,4.248495242049359
2017,0,Northern District,35000351,Library,114179,70.0,2686147.133355,131065.557138,0.019,35.78527823495424,2.6520965396074847,3.577536586344189,0.9753504742279836,11.645522671378654,4.248495242049359
2017,0,Oakwood Village,35000354,Library,17287,70.0,153880.2304,11805.533333,0.019,16.195020905677097,1.4810061844329843,2.7847038434947717,0.39272171112635834,9.757710052922787,4.248495242049359
2017,0,Palmerston,35000355,Library,8493,70.0,175675.458957,0.0,0.019,20.684735541858,0.393009975295302,3.029396014811486,-0.9339202850042103,9.04699757378001,4.248495242049359
2017,0,Pape Avenue Multiuse Building,34999138,Office,9365,70.0,85638.05483899999,23231.588544,0.019,35.63816556208435,4.939135572340096,3.573417129955927,1.5971903305318516,9.144734614878189,4.248495242049359
2017,0,Pape Danforth,35000356,Library,8181,70.0,146080.985693,11026.868333,0.019,32.25130662381616,2.928511526202176,3.4735585578882198,1.074494282412304,9.009569671513699,4.248495242049359
2017,0,Perth Dupont,35000359,Library,3627,70.0,23266.683667,4915.187684,0.019,20.88803091594155,2.7251564738453267,3.039176311477193,1.002525848061266,8.196161139282902,4.248495242049359
2017,0,Police Headquarters,35000285,Police Station,425000,168.0,10091337.604774,467349.732667,0.019,35.48854764625308,2.563562943397678,3.56921004292031,0.941398065635394,12.959844447906553,5.123963979403259
2017,0,Police Marine Hq,35000286,Police Station,23035,168.0,351780.720571,52486.61431800001,0.019,39.60658829985848,4.667272402679705,3.6789954756308276,1.5405748330980058,10.044770077370018,5.123963979403259
2017,0,Property Dept Workshop,34999127,Office,39170,70.0,119614.56185,106591.62402,0.019,32.11675022679602,5.285554925135819,3.4693777079573094,1.664977613835783,10.575666426659877,4.248495242049359
2017,0,Property Maintenance Office,34999132,Office,13487,70.0,127005.602241,27474.865227,0.019,31.173512483529322,4.092260884084378,3.439568775384536,1.4090976007209643,9.509481537516857,4.248495242049359
2017,0,Public Health HQ,34999128,Office,111385,70.0,1889680.717165,31349.151515,0.019,19.971177944473673,0.8630035793549401,2.9942901313903727,-0.14733644033495788,11.620747947498975,4.248495242049359
2017,0,Queen Street Office,34999105,Office,25327,70.0,312114.850573,37404.054285,0.019,28.096108908943023,3.0711639926707464,3.3356310937600786,1.1220566404467232,10.13962629934515,4.248495242049359
2017,0,Riverdale,35000363,Library,9655,70.0,154109.296988,16903.850209,0.019,34.660012140872084,3.6665326664175044,3.545586634572225,1.2992464379399582,9.175231194862615,4.248495242049359
2017,0,Rotherham Ave 15,34999390,Fire Station,23002,168.0,158350.286337,26789.851928,0.019,19.32292430780106,2.3681402049426574,2.961292179017773,0.8621049234373768,10.043336447652527,5.123963979403259
2017,0,Runnymede,35000364,Library,12034,70.0,135495.809516,20324.063145,0.019,29.29672626762506,3.4582803458824167,3.3774757783002216,1.2407714556587202,9.395491255780296,4.248495242049359
2017,0,Sanderson,35000366,Library,12701,70.0,181921.814292,24541.485306,0.019,34.9598360255161,3.9839939960927486,3.5541998604306855,1.3822848327163841,9.44943600950432,4.248495242049359
2017,0,Scadding Court Community Ctr,34999469,Community Center,46694,100.0,988592.842032,123554.451677,0.019,49.4314983925635,5.485316436161498,3.9005878402837326,1.7020747832502674,10.751370955745383,4.605170185988092
2017,0,Spadina Road,35000368,Library,3950,70.0,68558.816876,6533.50732,0.019,35.0219430515443,3.507211413256709,3.555974809371758,1.2548212525622695,8.281470857895167,4.248495242049359
2017,0,St Albans Boys Club,34999470,Recreation,23293,100.0,293723.183563,78792.214848,0.019,48.73670365086679,6.737671627128538,3.8864324146187585,1.9077144093249279,10.055908165231354,4.605170185988092
2017,0,St James Town C.C.,34999263,Community Center,41904,100.0,825809.715162,200732.434515,0.019,70.86750944497422,9.57658913925623,4.260812069619271,2.259321488841963,10.643136566747494,4.605170185988092
2017,0,St Lawrence,35000370,Library,4833,70.0,48401.374449,0.0,0.019,10.01476814587213,0.19028059477157044,2.3040608181630433,-1.6592554816526532,8.483222671845084,4.248495242049359
2017,0,Stan Wadlow Clubhouse,34999255,Recreation,10323,100.0,81505.725001,30262.25046,0.019,39.20435531471471,5.781496842844037,3.668787845591929,1.7546626185076915,9.24212969446559,4.605170185988092
2017,0,Toronto Reference Library,35000374,Library,416025,70.0,7946049.491871,427687.8504999999,0.019,30.079335941856858,2.3377520609483775,3.4038384224369165,0.8491898099278877,12.938500633591545,4.248495242049359
2017,0,Trinity Comm Rec Ctr,34999473,Recreation,36909,100.0,628900.041176,209104.846007,0.019,77.54585051154895,11.207009400465767,4.350869380925334,2.4165394218725877,10.516210702728278,4.605170185988092
2017,0,Wallace-Emerson C.C,34999420,Recreation,51882,100.0,990708.487968,121635.798824,0.019,44.13435911122007,4.8665400488087585,3.787238597266052,1.5823832223396601,10.856727188188485,4.605170185988092
2017,0,Waterfront Neighbourhood Centre,34999262,Community Center,123214,100.0,1229059.584552,72711.12653800001,0.019,16.277488077473667,1.3231467705454414,2.789783053674222,0.28001281665576033,11.721677959989071,4.605170185988092
2017,0,Weston,35000376,Library,11948,70.0,150449.447615,13198.182142,0.019,24.389524011680617,2.3612527117063107,3.194153696321143,0.8591922882527474,9.388319179336001,4.248495242049359
2017,0,Wychwood,35000379,Library,6383,70.0,166384.718273,7768.161291,0.019,39.06449645321636,2.8331423291865896,3.6652140353929283,1.0413864593275248,8.761393485256058,4.248495242049359
2017,0,York Civic Center,34999140,Office,72915,70.0,1241941.161548,98679.058534,0.019,31.48643635316629,2.9233950972121785,3.4495568611372724,1.072745645387493,11.197049658147666,4.248495242049359
2017,0,Yorkville,35000381,Library,9052,70.0,181956.274932,19866.724632,0.019,43.540973707662395,4.5980056608241275,3.773702419076378,1.525622657489455,9.110741006753427,4.248495242049359
2018,1,#11 Police Division - NEW,35000256,Police Station,62000,168.0,1123908.182613,35006.923864,0.03,24.15777628194387,1.628476551953774,3.1846063275202825,0.4876449470758542,11.03488966402723,5.123963979403259
2018,1,#55 Police Division,35000272,Police Station,23519,168.0,553936.11775,13229.038676,0.03,29.560025970903524,1.7871111369146648,3.3864229746622785,0.580600426137504,10.065563884101888,5.123963979403259
2018,1,Annette R.C,34999449,Community Center,20774,100.0,356478.09547,0.0,0.03,17.159819749205738,0.5147945924761721,2.8425705898791076,-0.663987307440874,9.941457483787756,4.605170185988092
2018,1,Annette Street,35000296,Library,7804,70.0,169948.244585,7814.298388,0.03,32.47116239990262,2.5768470708480264,3.4803523846702404,0.9465665860397053,8.962391701743002,4.248495242049359
2018,1,Archives and Records Centre,34999102,Office,39590,70.0,480158.208258,46939.289277,0.03,24.790851673057844,2.6414529161115685,3.210474700965548,0.9713291127848063,10.586331840100176,4.248495242049359
2018,1,Atlantic Ave Storage Bldg,34999103,Office,43002,70.0,105617.726288,26977.436363,0.03,9.156242654872797,1.2788285903437748,2.214435904018826,0.24594449511954874,10.669001905221974,4.248495242049359
2018,1,Beaches,35000299,Library,7804,70.0,113923.956437,10548.916136,0.03,29.03464643381343,3.034621551815223,3.3684898215090717,1.1100867221121318,8.962391701743002,4.248495242049359
2018,1,Beaches R.C,34999451,Recreation,14445,100.0,161322.837759,0.0,0.03,11.168074611214953,0.3350422383364486,2.4130592268013316,-1.0934986705186502,9.578103612900335,4.605170185988092
2018,1,Central Services Office,34999107,Office,18299,70.0,181378.16795,21082.354917,0.03,22.216389882701787,2.5105496931010984,3.1008302994859838,0.92050173040192,9.814601692527686,4.248495242049359
2018,1,City Hall,34999109,Office,780061,70.0,13448190.390591,0.0,0.03,17.239921481257234,0.517197644437717,2.847227710773739,-0.6593301865462428,13.567127400736117,4.248495242049359
2018,1,Danforth Coxwell,35000310,Library,9612,70.0,106006.322594,9829.566667,0.03,21.950280336824804,2.2953378324102163,3.0887799110489547,0.8308800363436945,9.17076759685636,4.248495242049359
2018,1,Davenport,35000311,Library,3606,100.0,81104.791063,0.0,0.03,22.491622590959512,0.6747486777287853,3.113142910587926,-0.393414986732056,8.190354403763262,4.605170185988092
2018,1,Davenport C.C,34999201,Community Center,2282,100.0,8260.675626,3775.388508,0.03,21.289143247782647,3.2867403999333917,3.0581972360939025,1.1898963137516076,7.732807530422021,4.605170185988092
2018,1,Deer Park,35000313,Library,16576,70.0,356160.543212,27183.790413,0.03,39.001171864312255,3.794937118709761,3.6635916934810986,1.333667841200373,9.71571114505921,4.248495242049359
2018,1,Dufferin St Clair,35000316,Library,11208,70.0,108205.928751,17816.588709,0.03,26.631611006702357,3.343312345870717,3.282098893929282,1.2069620358794664,9.324383088016843,4.248495242049359
2018,1,East York Civic Centre,34999114,Office,67544,70.0,1789712.880129,104399.566785,0.03,43.00456374204666,3.7641086432230106,3.761306243597766,1.3255110850746514,11.120534516349336,4.248495242049359
2018,1,Eastview Neighbourhood Comm Ctr,34999208,Community Center,25510,100.0,342962.810824,27415.050909,0.03,24.921817112196003,2.4677850694201884,3.2157436090857567,0.9033210153060349,10.146825811135857,4.605170185988092
2018,1,Evelyn Gregory,35000321,Library,6200,70.0,80490.468504,13247.891031,0.03,35.802894308883864,4.494179471882419,3.578028736755611,1.50278310885411,8.732304571033183,4.248495242049359
2018,1,Fairbank Memorial R.C.,34999214,Community Center,19364,100.0,258763.016717,39790.945121,0.03,35.30935295441437,4.348342082160245,3.5641478850602564,1.4697946419140149,9.871170951059584,4.605170185988092
2018,1,Fire Academy,34999302,Fire Station,61214,168.0,850405.151064,187895.647647,0.03,46.6744644678335,6.313256667785262,3.843197215721546,1.8426516555818657,11.022131200509191,5.123963979403259
2018,1,Fire Station 131,34999315,Fire Station,5845,168.0,76962.80258399999,16945.332955,0.03,44.12984748390077,5.964220476317365,3.7871363672115987,1.785778364079252,8.67334187390617,5.123963979403259
2018,1,Fire Station 132,34999316,Fire Station,7664,168.0,91107.25732899999,17140.004979,0.03,35.772770159801674,4.652814102887396,3.5771869939346543,1.537472219966274,8.944289319650697,5.123963979403259
2018,1,Fire Station 134,34999318,Fire Station,7126,168.0,41916.379894,13754.851658,0.03,26.497080494167832,3.8844458927642442,3.27703455689161,1.356980346302253,8.871505346165781,5.123963979403259
2018,1,Fire Station 135 - OLD,34999320,Fire Station,10592,168.0,32630.093569,25067.325945,0.03,28.356224949169185,4.638711853041446,3.344846580997318,1.5344367098161882,9.26785427817679,5.123963979403259
2018,1,Fire Station 224,34999335,Fire Station,3767,168.0,58792.835817,11637.272581,0.03,48.60071860421555,6.402703929548978,3.883638316892105,1.8567203901343095,8.23403420769204,5.123963979403259
2018,1,Fire Station 227,34999338,Fire Station,10484,168.0,72581.926376,19114.944706,0.03,26.395415474635634,3.7101551479879817,3.2731903388084738,1.3110736946096446,9.257605564443297,5.123963979403259
2018,1,Fire Station 311,34999349,Fire Station,12755,168.0,47248.64862599999,14600.884146,0.03,15.929916997669933,2.310133900685692,2.768198913467073,0.8373054885185596,9.453678630575912,5.123963979403259
2018,1,Fire Station 312,34999350,Fire Station,9806,168.0,108098.219054,25288.982206,0.03,38.5666478700877,5.284833916922905,3.6523878581525184,1.6648411934590484,9.190749722211178,5.123963979403259
2018,1,Fire Station 314,34999352,Fire Station,11937,168.0,50866.472308,24241.851517,0.03,25.950359932106892,4.029035011593952,3.2561854797317724,1.39352689606819,9.387398099095039,5.123963979403259
2018,1,Fire Station 322,34999355,Fire Station,7535,168.0,47289.372,15249.634115,0.03,27.89057257441274,4.076075420692104,3.3282887311673797,1.4051346187938285,8.927314111060596,5.123963979403259
2018,1,Fire Station 323,34999356,Fire Station,10236,168.0,108988.179059,38942.39764700001,0.03,51.27911156007817,7.627783436074349,3.937283487190844,2.0317972966789295,9.23366619727968,5.123963979403259
2018,1,Fire Station 324,34999357,Fire Station,13153,168.0,57169.67686,20924.551354,0.03,21.336872600982282,3.186433015801262,3.0604366841021973,1.1589021143057774,9.48440514846878,5.123963979403259
2018,1,Fire Station 325,34999358,Fire Station,10129,168.0,125354.586225,26531.655227,0.03,40.350741835261125,5.403094804799783,3.697609779559623,1.6869719014042268,9.223157875686796,5.123963979403259
2018,1,Fire Station 332,34999360,Fire Station,24865,168.0,281311.085667,73381.615249,0.03,42.83236422788337,6.008663400898412,3.7572939903812546,1.793202327956321,10.12121647114884,5.123963979403259
2018,1,Fire Station 334,34999362,Fire Station,13003,168.0,346143.165258,19776.690568,0.03,42.86381762087519,3.7203197368967165,3.758028057961062,1.313809615370186,9.47293537905132,5.123963979403259
2018,1,Fire Station 335,34999363,Fire Station,4402,168.0,86053.891793,10310.150682,0.03,44.56299433820082,5.085737440688777,3.7969037912563426,1.6264400417367293,8.389814262086407,5.123963979403259
2018,1,Fire Station 341,34999364,Fire Station,9268,168.0,77088.575684,26137.536452,0.03,38.437361349952525,5.667119636902461,3.649029938404524,1.7346809881173644,9.134322885552267,5.123963979403259
2018,1,Fire Station 342,34999365,Fire Station,3057,168.0,24192.21575,12072.284828,0.03,50.089701574432446,7.823560885537455,3.913815429564444,2.0571398071208797,8.025189321890835,5.123963979403259
2018,1,Fire Station 344,34999367,Fire Station,11238,168.0,68891.717935,21717.8975,0.03,26.76978672673073,3.8963189745105886,3.287273890624572,1.3600322547365802,9.327056171672144,5.123963979403259
2018,1,Fire Station 421,34999373,Fire Station,9461,168.0,104843.727832,24957.421849,0.03,39.254729223054646,5.39990690274696,3.6700719267294635,1.6863817131895698,9.154933364704444,5.123963979403259
2018,1,Fire Station 422,34999374,Fire Station,7944,168.0,62149.107412,16548.806129,0.03,30.071797189038264,4.236496701431143,3.403587762059774,1.4437366780490075,8.980172205725008,5.123963979403259
2018,1,Fire Station 423,34999375,Fire Station,12335,168.0,104212.370091,31114.590625,0.03,35.388423021159305,5.099108203758006,3.5663847333520926,1.6290656624319027,9.420196028963456,5.123963979403259
2018,1,Fire Station 424,34999376,Fire Station,5866,168.0,38844.395424,8792.862232,0.03,22.630781462966247,3.0781486891224,3.1193109912174193,1.1243283413072491,8.676928249537397,5.123963979403259
2018,1,Fire Station 425,34999377,Fire Station,7955,168.0,43547.229615,8860.411905,0.03,17.36975848653677,2.3038677759842865,2.8547306760997464,0.8345893522911302,8.981555940771887,5.123963979403259
2018,1,Fire Station 426,34999378,Fire Station,12486,168.0,159998.180521,31617.773978,0.03,39.85872229745635,5.24889389935672,3.6853412595156496,1.6580173685693382,9.43236329562169,5.123963979403259
2018,1,Fire Station 442,34999385,Fire Station,15479,168.0,201878.463981,19030.186967,0.03,26.172288958496026,2.752977781706635,3.264701177696048,1.0126831555527613,9.647239545573877,5.123963979403259
2018,1,Forestry W District Office,34999118,Office,8999,70.0,86176.777138,22131.600341,0.03,35.84201231024336,5.011679916568619,3.579120733579744,1.6117711715803849,9.104868739033948,4.248495242049359
2018,1,Former Hydro Building,34999119,Office,22497,70.0,433208.672966,5095.970487,0.03,21.67549618914344,1.0128292436550206,3.076182414637267,0.012747646057890293,10.021137245969499,4.248495242049359
2018,1,Gerrard Ashdale,35000324,Library,6501,70.0,59796.012643,6422.258334,0.03,19.748612774976156,2.1736715334416243,2.983083249638526,0.7764176887106795,8.77971129020447,4.248495242049359
2018,1,Glenlong C.C & A.I.R,34999405,Community Center,10236,100.0,379096.201773,40695.749488,0.03,79.49656177264947,8.748478001136968,4.3757137725822846,2.168879742512529,9.23366619727968,4.605170185988092
2018,1,Harrison Pool,34999459,Recreation,15263,100.0,238237.299055,97616.189656,0.03,83.91392285796239,12.754230446231148,4.429791545569344,2.54586301627549,9.633186877915122,4.605170185988092
2018,1,Harwood Hall Community Ctr,34999220,Community Center,4306,100.0,26376.96035,11699.776263,0.03,35.144117705257784,5.4032928499124475,3.5594572558955555,1.6870085547464935,8.367764677924308,4.605170185988092
2018,1,Health Office,34999121,Office,2540,70.0,12945.063125,1065.239296,0.03,9.575519215070866,0.9585340871519685,2.2592097597135887,-0.042350154111605406,7.8399193600125825,4.248495242049359
2018,1,High Park Library,35000327,Library,9494,70.0,161982.201126,17193.642043,0.03,36.40302276650937,3.9907786389701916,3.594651814230785,1.3839863594745307,9.158415299111264,4.248495242049359
2018,1,Jane & Dundas,35000332,Library,11603,70.0,154552.694503,14783.104839,0.03,26.927195913429284,2.8471020624673793,3.293136776390213,1.046301656781323,9.359018964347545,4.248495242049359
2018,1,Jimmie Simpson R.C,34999411,Recreation,43906,100.0,1095405.321322,205192.904243,0.03,74.8614207315,9.72618158544306,4.315638680809418,2.274821381912498,10.689806263983868,4.605170185988092
2018,1,Joseph J. Piccininni R.C,34999461,Recreation,70030,100.0,1117362.288472,170006.069969,0.03,41.882437751548196,5.142118078889176,3.7348665923204503,1.637465072191313,11.156679000649563,4.605170185988092
2018,1,Locke,35000338,Library,11647,70.0,183567.398709,62938.446677,0.03,73.4738567201305,10.853591313452993,4.2969296520632065,2.3844960218507807,9.362803915102651,4.248495242049359
2018,1,Maria A Shchuka,35000341,Library,25475,70.0,256028.003452,20604.475283,0.03,18.688274758564866,1.8552320754544844,2.9278963089438195,0.6180097962957543,10.145452858090925,4.248495242049359
2018,1,Matty Eckler R.C,34999464,Recreation,47383,100.0,550506.9758060001,118031.785588,0.03,38.22228322153177,5.1337878435035345,3.643418675948074,1.6358437577742029,10.766018793563921,4.605170185988092
2018,1,McCormick R.C,34999463,Recreation,43099,100.0,1056331.176129,156606.785591,0.03,63.31682048866284,7.715528675936357,4.1481510203702525,2.043235009188194,10.671255073966524,4.605170185988092
2018,1,Metro Hall,34999123,Office,787186,70.0,8690881.448355,0.0,0.03,11.040442091646701,0.33121326274940105,2.401565084580404,-1.1049928127395776,13.576219840009188,4.248495242049359
2018,1,Moss Park Arena,34999460,Recreation,22335,100.0,895681.278457,0.0,0.03,40.102139174255655,1.2030641752276696,3.6914296788810894,0.18487178156110784,10.01391023378622,4.605170185988092
2018,1,Mount Dennis,35000346,Library,11345,70.0,136646.588406,7406.115142,0.03,19.016650341345088,1.615385177607933,2.9453149291652028,0.4795734283048319,9.336532397213942,4.248495242049359
2018,1,Mount Dennis Community Ctr,34999236,Community Center,3003,100.0,52765.719395,4727.622021,0.03,34.38452300342325,3.551359801595405,3.5376065504470855,1.2673305728481274,8.00736706798333,4.605170185988092
2018,1,Niagara C.C,34999238,Community Center,5296,100.0,69120.44392199999,0.0,0.03,13.051443338746221,0.39154330016238664,2.568898728323108,-0.937659168996874,8.574707097616844,4.605170185988092
2018,1,North District Office,34999096,Office,66747,70.0,437159.118292,39868.871875,0.03,12.928800843738296,1.343923718229059,2.5594574463126665,0.29559348322015766,11.108664631432267,4.248495242049359
2018,1,Northern District,35000351,Library,114179,70.0,2686147.133355,131065.557138,0.03,35.78527823495424,2.910879840099738,3.577536586344189,1.068455386034423,11.645522671378654,4.248495242049359
2018,1,Oakwood Village,35000354,Library,17287,70.0,153880.2304,11805.533333,0.03,16.195020905677097,1.5789226843693527,2.7847038434947717,0.45674276914077133,9.757710052922787,4.248495242049359
2018,1,Palmerston,35000355,Library,8493,70.0,175675.458957,0.0,0.03,20.684735541858,0.6205420662557399,3.029396014811486,-0.47716188250849556,9.04699757378001,4.248495242049359
2018,1,Pape Avenue Multiuse Building,34999138,Office,9365,70.0,85638.05483899999,23231.588544,0.03,35.63816556208435,5.03972485191607,3.573417129955927,1.6173514877192363,9.144734614878189,4.248495242049359
2018,1,Pape Danforth,35000356,Library,8181,70.0,146080.985693,11026.868333,0.03,32.25130662381616,3.1249289375972378,3.4735585578882198,1.139411542960924,9.009569671513699,4.248495242049359
2018,1,Perth Dupont,35000359,Library,3627,70.0,23266.683667,4915.187684,0.03,20.88803091594155,2.79571989274166,3.039176311477193,1.0280896379302016,8.196161139282902,4.248495242049359
2018,1,Police Headquarters,35000285,Police Station,425000,168.0,10091337.604774,467349.732667,0.03,35.48854764625308,2.8247505049330046,3.56921004292031,1.0384200438603681,12.959844447906553,5.123963979403259
2018,1,Police Marine Hq,35000286,Police Station,23035,168.0,351780.720571,52486.61431800001,0.03,39.60658829985848,4.835259723117344,3.6789954756308276,1.575934844756712,10.044770077370018,5.123963979403259
2018,1,Property Dept Workshop,34999127,Office,39170,70.0,119614.56185,106591.62402,0.03,32.11675022679602,5.319145943270871,3.4693777079573094,1.6713127534869532,10.575666426659877,4.248495242049359
2018,1,Property Maintenance Office,34999132,Office,13487,70.0,127005.602241,27474.865227,0.03,31.173512483529322,4.1958466796394305,3.439568775384536,1.4340951502190427,9.509481537516857,4.248495242049359
2018,1,Public Health HQ,34999128,Office,111385,70.0,1889680.717165,31349.151515,0.03,19.971177944473673,1.0496219560557076,2.9942901313903727,0.04843005748709586,11.620747947498975,4.248495242049359
2018,1,Queen Street Office,34999105,Office,25327,70.0,312114.850573,37404.054285,0.03,28.096108908943023,3.2067214355697478,3.3356310937600786,1.1652490555631545,10.13962629934515,4.248495242049359
2018,1,Riverdale,35000363,Library,9655,70.0,154109.296988,16903.850209,0.03,34.660012140872084,3.8421103222298294,3.545586634572225,1.346021778725834,9.175231194862615,4.248495242049359
2018,1,Rotherham Ave 15,34999390,Fire Station,23002,168.0,158350.286337,26789.851928,0.03,19.32292430780106,2.443866365698548,2.961292179017773,0.8935813612950085,10.043336447652527,5.123963979403259
2018,1,Runnymede,35000364,Library,12034,70.0,135495.809516,20324.063145,0.03,29.29672626762506,3.582133919480223,3.3774757783002216,1.2759586897292168,9.395491255780296,4.248495242049359
2018,1,Sanderson,35000366,Library,12701,70.0,181921.814292,24541.485306,0.03,34.9598360255161,4.141551665348082,3.5541998604306855,1.4210705160111066,9.44943600950432,4.248495242049359
2018,1,Scadding Court Community Ctr,34999469,Community Center,46694,100.0,988592.842032,123554.451677,0.03,49.4314983925635,5.718205485340237,3.9005878402837326,1.743655029830184,10.751370955745383,4.605170185988092
2018,1,Spadina Road,35000368,Library,3950,70.0,68558.816876,6533.50732,0.03,35.0219430515443,3.698134700759494,3.555974809371758,1.3078285576015733,8.281470857895167,4.248495242049359
2018,1,St Albans Boys Club,34999470,Recreation,23293,100.0,293723.183563,78792.214848,0.03,48.73670365086679,6.876380896831581,3.8864324146187585,1.928092481104381,10.055908165231354,4.605170185988092
2018,1,St James Town C.C.,34999263,Community Center,41904,100.0,825809.715162,200732.434515,0.03,70.86750944497422,9.793368130922467,4.260812069619271,2.2817054352628476,10.643136566747494,4.605170185988092
2018,1,St Lawrence,35000370,Library,4833,70.0,48401.374449,0.0,0.03,10.01476814587213,0.30044304437616387,2.3040608181630433,-1.2024970791569383,8.483222671845084,4.248495242049359
2018,1,Stan Wadlow Clubhouse,34999255,Recreation,10323,100.0,81505.725001,30262.25046,0.03,39.20435531471471,5.868347852725952,3.668787845591929,1.7695731381294186,9.24212969446559,4.605170185988092
2018,1,Toronto Reference Library,35000374,Library,416025,70.0,7946049.491871,427687.8504999999,0.03,30.079335941856858,2.547851320393317,3.4038384224369165,0.9352503845134136,12.938500633591545,4.248495242049359
2018,1,Trinity Comm Rec Ctr,34999473,Recreation,36909,100.0,628900.041176,209104.846007,0.03,77.54585051154895,11.394440662568128,4.350869380925334,2.4331255752768315,10.516210702728278,4.605170185988092
2018,1,Wallace-Emerson C.C,34999420,Recreation,51882,100.0,990708.487968,121635.798824,0.03,44.13435911122007,5.076589649202883,3.787238597266052,1.6246397072511733,10.856727188188485,4.605170185988092
2018,1,Waterfront Neighbourhood Centre,34999262,Community Center,123214,100.0,1229059.584552,72711.12653800001,0.03,16.277488077473667,1.4328717647025342,2.789783053674222,0.3596806575442042,11.721677959989071,4.605170185988092
2018,1,Weston,35000376,Library,11948,70.0,150449.447615,13198.182142,0.03,24.389524011680617,2.499764924944091,3.194153696321143,0.9161966974306918,9.388319179336001,4.248495242049359
2018,1,Wychwood,35000379,Library,6383,70.0,166384.718273,7768.161291,0.03,39.06449645321636,3.119877704559142,3.6652140353929283,1.1377938037964732,8.761393485256058,4.248495242049359
2018,1,York Civic Center,34999140,Office,72915,70.0,1241941.161548,98679.058534,0.03,31.48643635316629,3.110755074953768,3.4495568611372724,1.1348654860967742,11.197049658147666,4.248495242049359
2018,1,Yorkville,35000381,Library,9052,70.0,181956.274932,19866.724632,0.03,43.540973707662395,4.81911911909324,3.773702419076378,1.572591155985864,9.110741006753427,4.248495242049359
2019,2,#11 Police Division,35000256,Police Station,62000,168.0,1094526.352388,38230.020645,0.029,24.239080207687095,1.6964699012628548,3.1879662152537454,0.5285495634183051,11.03488966402723,5.123963979403259
2019,2,#12 Police Division,35000257,Police Station,25780,168.0,597164.931531,10957.035757,0.029,27.703106028539953,1.4882175602636152,3.321544537901305,0.3975791355778612,10.157354276493178,5.123963979403259
2019,2,#13 Police Division,35000258,Police Station,20344,168.0,499182.136613,43072.268532,0.029,47.14873990045025,4.778711650203943,3.853307283387243,1.5641709809277922,9.920541307101956,5.123963979403259
2019,2,#14 Police Division,35000259,Police Station,64200,168.0,1204703.659871,50391.496147,0.029,27.147738920887228,2.052001093997601,3.3012937619132607,0.7188154604456134,11.069758489678053,5.123963979403259
2019,2,#51 Police Division,35000268,Police Station,56000,168.0,1805688.273007,128113.838539,0.029,56.67757265363429,5.329850781261108,4.037378588457919,1.6733232417748083,10.933106969717286,5.123963979403259
2019,2,#52 Police Division,35000269,Police Station,71677,168.0,956680.142065,91271.701681,0.029,26.94674604152071,2.8332193458025032,3.2938625494909055,1.0414136431256429,11.179925194094393,5.123963979403259
2019,2,#53 Police Division,35000270,Police Station,52183,168.0,709467.850064,65296.244651,0.029,26.959579612837132,2.7980118741051108,3.2943386929268788,1.0289091200173834,10.862512050330492,5.123963979403259
2019,2,#55 Police Division,35000272,Police Station,23519,168.0,554712.370426,15724.114117,0.029,30.726047416793232,1.9683099605047407,3.425110744921273,0.6771752864846724,10.065563884101888,5.123963979403259
2019,2,175 Memorial Park Ave,34999089,Office,6394,70.0,86505.972843,12211.97591,0.029,33.927099712511726,4.061288541688614,3.5242140965841866,1.4015002980610642,8.763115329619787,4.248495242049359
2019,2,275 Merton St,34999096,Office,66747,70.0,432922.549151,131951.774247,0.029,27.599255368914854,3.985708904577973,3.317788792972011,1.3827151896652103,11.108664631432267,4.248495242049359
2019,2,51 Lisgar,34999099,Office,10053,70.0,210671.14029,9553.464517,0.029,31.105355747693224,2.433270506870288,3.4373800148954157,0.8892362400585149,9.215626376405421,4.248495242049359
2019,2,Annette Community Recreation Centre,34999449,Recreation,20774,100.0,518618.513732,0.0,0.029,24.96478837643208,0.7239788629165304,3.217466367106393,-0.3229930818892699,9.941457483787756,4.605170185988092
2019,2,Annette Street Library,35000296,Library,7806,70.0,176127.446058,13218.025747,0.029,40.64770190058417,3.9071897765397128,3.7049423005847557,1.3628183883613414,8.96264794774056,4.248495242049359
2019,2,Archives and Records Centre,34999102,Office,39590,70.0,466100.161677,55062.303643,0.029,26.62706654670977,3.0131747912815356,3.2819282377953947,1.1029942708390712,10.586331840100176,4.248495242049359
2019,2,Armour Heights Community Centre,34999191,Community Center,19773,100.0,193447.62412,25112.632581,0.029,23.347521371824207,2.7234788998928336,3.150490827380874,1.0019100703883508,9.892072649720829,4.605170185988092
2019,2,Atlantic Ave Storage Bldg,34999103,Office,43002,70.0,66727.959278,37176.999999,0.029,10.785040678743314,1.7057840988126365,2.3781600516229093,0.534024887023708,10.669001905221974,4.248495242049359
2019,2,Beaches Employment & Social Services,34999105,Office,25327,70.0,265062.596028,39598.622103,0.029,27.16373356844632,3.306975494321278,3.3018827589442155,1.1960340237276512,10.13962629934515,4.248495242049359
2019,2,Beaches Library,35000299,Library,8000,70.0,93689.432986,13214.491765,0.029,29.352525629525,3.512754029644875,3.3793785946851225,1.2564003536518646,8.987196820661973,4.248495242049359
2019,2,Beaches Recreation Centre,34999451,Recreation,14445,100.0,166583.835387,0.0,0.029,11.532283515887851,0.3344362219607477,2.445150364618574,-1.095309084377089,9.578103612900335,4.605170185988092
2019,2,Bloor Gladstone Library,35000302,Library,20627,70.0,348435.412194,36621.587741,0.029,35.853685425310516,3.9004555681430655,3.5794463630258333,1.361093358657946,9.934356176198595,4.248495242049359
2019,2,Centre Island Police Division,35000273,Police Station,1001,168.0,20937.250029,0.0,0.029,20.916333695304694,0.6065736771638361,3.0405303702674993,-0.4999290787281636,6.90875477931522,5.123963979403259
2019,2,Chaplin Crescent Storage,34999107,Office,18299,70.0,169831.181882,25838.425645,0.029,24.36119830431171,2.981623036156238,3.1929916331060437,1.092467795258592,9.814601692527686,4.248495242049359
2019,2,Church Isabella Resident Coop,34999199,Community Center,19106,100.0,908.930219,0.0,0.029,0.04757302517533759,0.00137961773008479,-3.045489376375872,-6.585948825371536,9.857757700829954,4.605170185988092
2019,2,City Hall,34999109,Office,780061,70.0,21873667.824165,0.0,0.029,28.040970929408086,0.8131881569528346,3.3336666881506436,-0.20679276084501924,13.567127400736117,4.248495242049359
2019,2,City Hall Ancillary Office Building,34999110,Office,14768,70.0,183595.079788,25915.679171,0.029,31.173790177023296,3.731600555345545,3.4395776833398806,1.316837244927025,9.600217956742634,4.248495242049359
2019,2,College Shaw Library,35000309,Library,7684,70.0,89910.288163,9546.407157,0.029,24.969536257126496,2.725930050146278,3.2176565321178785,1.0028096726906275,8.946895523888447,4.248495242049359
2019,2,Danforth Coxwell Library,35000310,Library,9617,70.0,131640.776108,9228.625,0.029,23.93703765290631,2.2403838132611,3.1754269519932383,0.8066471963948835,9.171287644712482,4.248495242049359
2019,2,Davenport 1347,34999201,Community Center,2282,100.0,5602.407,3331.052,0.029,18.04471619631902,2.8752939066608243,2.892852910418788,1.0561548974281116,7.732807530422021,4.605170185988092
2019,2,Davenport Library,35000311,Library,3604,100.0,99518.38426100001,0.0,0.029,27.61331416786904,0.8007861108682022,3.31829805379345,-0.22216139520221295,8.189799618728228,4.605170185988092
2019,2,David Appleton Community Centre,34999202,Community Center,2906,100.0,54129.529673,7364.126398,0.029,45.691121680536824,5.408204807665176,3.821904005077665,1.687917209263428,7.974532844130228,4.605170185988092
2019,2,Deer Park Library,35000313,Library,16558,70.0,374256.376373,33624.699195,0.029,44.290866274646696,4.556497286412127,3.790778476891418,1.5165541894117025,9.71462464769875,4.248495242049359
2019,2,Dufferin St Clair Library,35000316,Library,11208,70.0,115629.991192,22521.462536,0.029,31.777231537872947,4.15926117739329,3.45875004396826,1.425337456911991,9.324383088016843,4.248495242049359
2019,2,East York Civic Centre,34999114,Office,67544,70.0,1499532.965129,102383.484329,0.029,38.38962125078053,3.555684137521467,3.6477871431338884,1.2685474884875296,11.120534516349336,4.248495242049359
2019,2,East York Community Centre,34999454,Recreation,31000,100.0,592037.816518,149227.657218,0.029,70.50932889052388,9.80114278047742,4.255745025752366,2.282498989130877,10.341742483467284,4.605170185988092
2019,2,Eastview Neighbourhood C.C.,34999208,Community Center,25510,100.0,317637.164267,44225.76,0.029,30.96700435386123,3.691460710456409,3.432922261953191,1.3060222362141773,10.146825811135857,4.605170185988092
2019,2,Evelyn Gregory Library,35000321,Library,6200,70.0,85543.690953,14071.644796,0.029,38.03691247972258,4.760063982379516,3.6385570692864526,1.560261109829359,8.732304571033183,4.248495242049359
2019,2,Fairbank Memorial Community Centre,34999214,Community Center,19364,100.0,291066.728294,38340.533333,0.029,36.17762984354679,4.239470132886749,3.5884409676926543,1.4444382927758472,9.871170951059584,4.605170185988092
2019,2,Fairmount Park Community Centre,34999456,Recreation,4359,100.0,6167.471994,0.0,0.029,1.414882311080523,0.04103158702133517,0.3470463552549309,-3.193413093740732,8.379997952238393,4.605170185988092
2019,2,Fire Academy,34999302,Fire Station,61214,168.0,778825.880129,127138.279476,0.029,34.904804537077794,4.358783699760463,3.55262448555216,1.4721930504972995,11.022131200509191,5.123963979403259
2019,2,Fire Station 131,34999315,Fire Station,5845,168.0,66650.060646,17465.804684,0.029,43.31648497367322,6.070943123472712,3.768533277882079,1.8035139675444896,8.67334187390617,5.123963979403259
2019,2,Fire Station 132,34999316,Fire Station,7664,168.0,89333.935466,35723.934407,0.029,61.43861624905533,9.292322824159838,4.118038566597761,2.229188556465649,8.944289319650697,5.123963979403259
2019,2,Fire Station 134,34999318,Fire Station,7126,168.0,42212.997706,16126.938387,0.029,30.093839416104405,4.519228960833708,3.404320480245637,1.508341395406706,8.871505346165781,5.123963979403259
2019,2,Fire Station 135,34999319,Fire Station,12718,168.0,159102.602742,51217.91534,0.029,55.52051726475861,8.099040010037585,4.0167526328835095,2.091745537375355,9.450773591827353,5.123963979403259
2019,2,Fire Station 135 - OLD,34999320,Fire Station,10592,168.0,20771.304218,142.0,0.029,2.1042167879531726,0.0826236614729985,0.7439433256670257,-2.4934591809657323,9.26785427817679,5.123963979403259
2019,2,Fire Station 224,34999335,Fire Station,3767,168.0,60172.032314,15582.706668,0.029,60.15273149143615,8.409707578002125,4.096886852718572,2.1293867026314848,8.23403420769204,5.123963979403259
2019,2,Fire Station 226,34999337,Fire Station,11808,168.0,50382.720589,30924.973618,0.029,32.23758797673103,5.1548080299169206,3.4731331002221504,1.6399298771861663,9.376532546840254,5.123963979403259
2019,2,Fire Station 227,34999338,Fire Station,10484,168.0,69269.635399,20512.180348,0.029,27.502834940446398,3.9500875500838424,3.314289088102752,1.3737377432455877,9.257605564443297,5.123963979403259
2019,2,Fire Station 311,34999349,Fire Station,12755,168.0,54627.360724,19806.564748,0.029,20.867226360849866,3.107221038173579,3.0381798114831744,1.133728769873866,9.453678630575912,5.123963979403259
2019,2,Fire Station 312,34999350,Fire Station,9806,168.0,107838.598551,30090.394185,0.029,43.76952972127269,6.213641299955538,3.778937906828718,1.8267470848044973,9.190749722211178,5.123963979403259
2019,2,Fire Station 313,34999351,Fire Station,12099,168.0,148330.884872,40052.464552,0.029,47.6147786004926,6.714801228670137,3.8631431878503117,1.9043142284455143,9.400878083541478,5.123963979403259
2019,2,Fire Station 314,34999352,Fire Station,11937,168.0,56592.754447,25210.219268,0.029,27.296464457505234,4.194523003500963,3.3067571867530616,1.4337796274949108,9.387398099095039,5.123963979403259
2019,2,Fire Station 315,34999353,Fire Station,7244,168.0,1068.727999,30332.17409,0.029,44.86697229157924,8.047915452631281,3.8037019403672945,2.085413107913444,8.887928819003305,5.123963979403259
2019,2,Fire Station 322,34999355,Fire Station,7535,168.0,48937.66813,21158.316364,0.029,36.484205294959516,5.582523969610351,3.5968794352881432,1.71964099842835,8.927314111060596,5.123963979403259
2019,2,Fire Station 323,34999356,Fire Station,10236,168.0,116253.413808,46607.473992,0.029,59.9864435367878,9.076231588419697,4.0941185956400385,2.2056590831654,9.23366619727968,5.123963979403259
2019,2,Fire Station 324,34999357,Fire Station,13153,168.0,51525.7419,25899.386411,0.029,24.94725072374972,3.896218947056261,3.2167636246931286,1.3600065821109633,9.48440514846878,5.123963979403259
2019,2,Fire Station 325,34999358,Fire Station,10129,168.0,148664.3155,29282.313871,0.029,45.55231786378517,5.979128255078587,3.8188615085536863,1.788274780593367,9.223157875686796,5.123963979403259
2019,2,Fire Station 331,59463292,Fire Station,10979,168.0,83008.482588,36737.529721,0.029,43.29768649314874,6.64723932863585,3.7680992038615972,1.8942016299228988,9.303739636234733,5.123963979403259
2019,2,Fire Station 332,34999360,Fire Station,24865,168.0,290872.614968,56494.761931,0.029,35.96367071751779,4.70387064160559,3.5825092821891027,1.5483857105595278,10.12121647114884,5.123963979403259
2019,2,Fire Station 333,34999361,Fire Station,12723,168.0,135256.372885,40882.129288,0.029,44.948323011934285,6.480940436682621,3.805513452367042,1.86886562895166,9.4511666581427,5.123963979403259
2019,2,Fire Station 334/TPS Station #36,34999362,Fire Station,13003,168.0,395796.823645,26259.205806,0.029,52.0068554682058,4.76213506414143,3.9513755458188697,1.5606961105648938,9.47293537905132,5.123963979403259
2019,2,Fire Station 335/TPS Station #59,34999363,Fire Station,4402,168.0,113695.023033,8749.52031,0.029,47.0558609595184,4.567238569619946,3.8513354270197526,1.5189087705481645,8.389814262086407,5.123963979403259
2019,2,Fire Station 341,34999364,Fire Station,9268,168.0,73332.387412,27671.469333,0.029,39.79970650501079,5.964990485934506,3.683859538017242,1.7859074605669656,9.134322885552267,5.123963979403259
2019,2,Fire Station 342,34999365,Fire Station,3057,168.0,26484.775839,14287.467319,0.029,58.578647957448474,9.229402426931632,4.0703702608575165,2.2223943039412632,8.025189321890835,5.123963979403259
2019,2,Fire Station 343,34999366,Fire Station,9827,168.0,53676.429965,27014.64428,0.029,34.82169847108985,5.439274257745497,3.5502407117572363,1.6936456434654794,9.192888978362427,5.123963979403259
2019,2,Fire Station 344,34999367,Fire Station,11238,168.0,69443.191759,24384.667273,0.029,29.35321571762235,4.347463818512547,3.379402104756933,1.4695926448453782,9.327056171672144,5.123963979403259
2019,2,Fire Station 345,34999368,Fire Station,12809,168.0,134014.846773,42270.033834,0.029,45.70683176829729,6.642764115194864,3.8222477783750395,1.893528159275724,9.457903327831136,5.123963979403259
2019,2,Fire Station 421,34999373,Fire Station,9461,168.0,109856.248523,29001.125794,0.029,44.349251876431666,6.225239811588733,3.792095839987194,1.8286119655587403,9.154933364704444,5.123963979403259
2019,2,Fire Station 422,34999374,Fire Station,7944,168.0,61289.530933,24097.24,0.029,40.11178929166666,6.0508804679074775,3.691670288402207,1.800203793339546,8.980172205725008,5.123963979403259
2019,2,Fire Station 423,34999375,Fire Station,12335,168.0,112163.598776,42555.654627,0.029,45.939034470398056,6.891135541383949,3.8273151798524094,1.930235881516119,9.420196028963456,5.123963979403259
2019,2,Fire Station 424,34999376,Fire Station,5866,168.0,39831.474732,34531.573521,0.029,69.66053186775997,11.505329952449538,4.243633900104802,2.4428104021242927,8.676928249537397,5.123963979403259
2019,2,Fire Station 425,34999377,Fire Station,7955,168.0,55815.723359,11684.474017,0.029,22.703445111321184,3.0250824090594595,3.1225166799904627,1.1069383337760144,8.981555940771887,5.123963979403259
2019,2,Fire Station 426,34999378,Fire Station,12486,168.0,179842.793188,39171.630793,0.029,47.90932324661541,6.444349171536521,3.8693101252810798,1.863203649373828,9.43236329562169,5.123963979403259
2019,2,Fire Station 442,34999385,Fire Station,15479,168.0,225850.755806,15688.450643,0.029,25.415298706198072,2.3701263391418697,3.235351303975502,0.8629432613810346,9.647239545573877,5.123963979403259
2019,2,Fire Warehouse & Mechanical Building,34999390,Fire Station,23002,168.0,187749.525061,34607.290834,0.029,24.230736073737933,3.126916873266803,3.1876219129777414,1.140047494581199,10.043336447652527,5.123963979403259
2019,2,"Forensic Service, Store & Garage",35000277,Police Station,62484,168.0,1575954.266742,230789.571088,0.029,64.66914547663146,7.826794696171277,4.1692842017734195,2.0575530642718705,11.0426658029509,5.123963979403259
2019,2,Forest Hill Community Centre,34999218,Community Center,32841,100.0,595800.678838,74392.600806,0.029,42.334693080176606,4.877634841650011,3.745606917278817,1.584660438781383,10.399433013772667,4.605170185988092
2019,2,Forestry W District Office,34999118,Office,8999,70.0,82232.951163,27634.713871,0.029,41.934847794786094,6.16413389597933,3.736117170878962,1.8187476394768651,9.104868739033948,4.248495242049359
2019,2,Former Hydro Building,34999119,Office,22497,70.0,238210.039291,38395.00331,0.029,28.815783199617726,3.585584411163666,3.360923264794031,1.2769214764322683,10.021137245969499,4.248495242049359
2019,2,Fort York Library,35000323,Library,16008,70.0,286110.285774,15178.375478,0.029,27.999458763058467,2.3397587194330334,3.33218518009761,0.8500478126998645,9.68084387626357,4.248495242049359
2019,2,Frankland Community Centre,34999457,Recreation,15308,100.0,25125.262277,0.0,0.029,1.6413158006924484,0.04759815822008101,0.49549823764687134,-3.0449612113487916,9.636130846545592,4.605170185988092
2019,2,Gerrard Ashdale Library,35000324,Library,6504,70.0,72728.771135,6911.093738,0.029,22.530635340842558,2.365520515623155,3.1148759538176325,0.8609980888999686,8.780172651227646,4.248495242049359
2019,2,Glenlong Community Centre,34999405,Recreation,10236,100.0,405606.870948,48829.229898,0.029,90.57278685606096,10.312968922582062,4.506153802102942,2.3334022219076966,9.23366619727968,4.605170185988092
2019,2,Harrison Pool,34999459,Recreation,15263,100.0,199090.873294,91055.7875,0.029,76.75861126868898,11.83855094758737,4.34066557911405,2.4713612357825605,9.633186877915122,4.605170185988092
2019,2,Harwood Hall,34999220,Community Center,4306,100.0,19853.752471,10343.250667,0.029,30.264670133432418,4.74805930166419,3.4099810300089324,1.5577359664891781,8.367764677924308,4.605170185988092
2019,2,Health Office - Jane Street Clinic,34999121,Office,2540,70.0,14265.529211,599.858667,0.029,8.138590462425196,0.616546789931496,2.0966170031559757,-0.4836210631806582,7.8399193600125825,4.248495242049359
2019,2,High Park Library,35000327,Library,8850,70.0,125930.453375,19178.988761,0.029,37.374243315534464,4.5756859387294915,3.6209817857676945,1.5207566194515416,9.088172738001974,4.248495242049359
2019,2,Jane & Dundas Library,35000332,Library,11955,70.0,193715.040743,20173.866666,0.029,34.226008928137176,3.7115628646535344,3.532985850013555,1.311453045234402,9.388904879892426,4.248495242049359
2019,2,Jimmie Simpson Recreation Centre,34999411,Recreation,43906,100.0,1036133.842323,219324.969355,0.029,76.94903919815971,10.280397839892544,4.343143374153132,2.330238959656831,10.689806263983868,4.605170185988092
2019,2,John Innes Community Recreation Centre,34999460,Recreation,28055,100.0,391374.959491,72057.640645,0.029,41.38123548670825,5.338535074114561,3.7228275289695136,1.6749512846463994,10.241922148185072,4.605170185988092
2019,2,Jones Library,35000334,Library,3636,70.0,80249.340722,11340.77599,0.029,55.381965977777774,6.631700098385039,4.014254016892016,1.8918611964222583,8.19863945529737,4.248495242049359
2019,2,Joseph J. Piccininni Community Centre,34999461,Recreation,70030,100.0,1040587.799162,153411.680422,0.029,38.255384064957305,4.639167274973012,3.644284310234969,1.5345348835314625,11.156679000649563,4.605170185988092
2019,2,June Rowlands Park,34999227,Community Center,2777,100.0,37124.897024,6156.051592,0.029,37.04412244384588,4.646163889783219,3.6121097006649903,1.536041909185205,7.9291264873067995,4.605170185988092
2019,2,Ledbury Park,34999414,Recreation,5780,100.0,171446.499471,19441.880461,0.029,65.58577556997923,7.321764852982699,4.1833588366142695,1.990851399047502,8.662158961666423,4.605170185988092
2019,2,Lillian H Smith Library,35000337,Library,38935,70.0,1106655.612291,35253.816032,0.029,38.09339585238886,2.5636469334509058,3.6400409299003837,0.9414308281145016,10.569648868011086,4.248495242049359
2019,2,Locke Library,35000338,Library,11647,70.0,224849.449059,71624.5045,0.029,84.98318512226324,12.373255530798573,4.442453414829925,2.5155373313097473,9.362803915102651,4.248495242049359
2019,2,Main Square Community Centre,34999462,Recreation,35123,100.0,541807.989516,93468.397419,0.029,43.84734999717906,5.559468813537085,3.7807142836323666,1.7155025665649104,10.466611465513152,4.605170185988092
2019,2,Main Street Library,35000340,Library,8664,70.0,75685.400616,12863.787879,0.029,24.592642562756232,3.1055185980405122,3.202447315389345,1.1331807217420067,9.066931788680826,4.248495242049359
2019,2,Maple Leaf Cottage,34999232,Community Center,2842,100.0,10812.977931,2984.471764,0.029,15.020104282378606,2.127637796848346,2.709389589213259,0.7550123487443725,7.952263308657046,4.605170185988092
2019,2,Maria A Shchuka Library,35000341,Library,25475,70.0,325199.709175,29022.513326,0.029,24.932685044030617,2.5587061693943474,3.2161795950664294,0.9395017281522057,10.145452858090925,4.248495242049359
2019,2,Markdale Preschool,34999233,Community Center,1829,100.0,10255.718923,4676.498332,0.029,32.91455500752324,5.074340702317659,3.4939149613851352,1.624196605615335,7.511524648390866,4.605170185988092
2019,2,Mary McCormick Recreation Centre,34999463,Recreation,43099,100.0,1049222.865339,125431.693438,0.029,55.42665377982876,6.296706331683543,4.0150605932138115,1.840026692192891,10.671255073966524,4.605170185988092
2019,2,Masaryk-Cowan Community Recreation Centre,34999234,Community Center,32270,100.0,332890.013161,34160.613602,0.029,21.62148640936969,2.3327037220672757,3.0736875614374974,0.8470279905758826,10.381893285046008,4.605170185988092
2019,2,Matty Eckler Recreation Centre,34999464,Recreation,47383,100.0,583374.635807,110513.012865,0.029,37.221231521963574,4.837459893887428,3.6168793383067954,1.576389767652267,10.766018793563921,4.605170185988092
2019,2,Metro Hall,34999123,Office,787186,70.0,6952203.192839,0.0,0.029,8.83171600211259,0.2561197640612651,2.1783493334598343,-1.3621101155358288,13.576219840009188,4.248495242049359
2019,2,Mount Dennis Community Centre,34999236,Community Center,3003,100.0,40835.014406,5581.606935,0.029,33.44874341385281,3.964862584052281,3.5100142197655586,1.3774711972484752,8.00736706798333,4.605170185988092
2019,2,Mount Dennis Library,35000346,Library,11350,70.0,137141.523429,10768.236471,0.029,22.215532065134802,2.1729415365843177,3.1007916868161063,0.7760817964412691,9.336973022909548,4.248495242049359
2019,2,Mount Pleasant Library,35000347,Library,5829,70.0,88389.409676,11576.796832,0.029,36.374952794949394,4.2549870637975635,3.5938804277574645,1.4480917217851257,8.67060073804555,4.248495242049359
2019,2,Niagara C.C,34999238,Community Center,5296,100.0,66790.567559,0.0,0.029,12.611512001321753,0.36573384803833087,2.5346100477310536,-1.0058494012646093,8.574707097616844,4.605170185988092
2019,2,North Toronto Memorial Community Centre,34999467,Recreation,74820,100.0,1403804.775097,239197.319697,0.029,52.90606989389147,6.685490371768912,3.9685180750774824,1.8999395619053525,11.222840507902138,4.605170185988092
2019,2,Northern District Library,35000351,Library,48654,70.0,2638630.734452,177073.228298,0.029,93.1017555118724,8.564104962789617,4.533693040301512,2.1475796269332275,10.792489304172612,4.248495242049359
2019,2,Oakwood Village Library,35000354,Library,17270,70.0,175431.345778,16653.793333,0.029,20.457085036157498,2.147043776505791,3.0183292790224225,0.7640919083048898,9.756726171140725,4.248495242049359
2019,2,Old City Hall,34999126,Office,350494,70.0,2497053.509709,0.0,0.029,7.1243830413901525,0.20660710820031444,1.9635231317234407,-1.5769363172722222,12.767098866907977,4.248495242049359
2019,2,Palmerston Library,35000355,Library,8493,70.0,251061.496188,0.0,0.029,29.56099095584599,0.8572687377195337,3.3864556190582213,-0.15400382993744186,9.04699757378001,4.248495242049359
2019,2,Pape Danforth Library,35000356,Library,8175,70.0,137852.33255,14322.563909,0.029,35.57398349824098,3.8546009679680733,3.571614570081839,1.3492674914030216,9.008835995765454,4.248495242049359
2019,2,Parkdale Library,35000357,Library,24083,70.0,246465.604345,36472.714153,0.029,26.408428829424906,3.2060618035094466,3.273683233037076,1.165043331453034,10.089261476380335,4.248495242049359
2019,2,Parliament Library,35000358,Library,14634,70.0,192296.531501,16250.404598,0.029,25.000058262104687,2.514256296725912,3.218878155349673,0.9219770527545148,9.591102867443976,4.248495242049359
2019,2,Pelmo Park,34999246,Community Center,2573,100.0,82122.9555,11359.882756,0.029,79.06976421845316,9.406879317441119,4.370330554144068,2.241441263890951,7.8528278122817445,4.605170185988092
2019,2,Perth Dupont Library,35000359,Library,3627,70.0,22472.480929,5812.882385,0.029,23.312397243121037,3.2584088802111943,3.148985289592541,1.1812390026771007,8.196161139282902,4.248495242049359
2019,2,Police Dog Service,35000283,Police Station,9440,168.0,156924.976842,7411.252706,0.029,25.00817327776271,1.9902373704072034,3.2192027025483787,0.6882539132345753,9.152711259139547,5.123963979403259
2019,2,Police Headquarters,35000285,Police Station,425000,168.0,11103061.360355,472701.860124,0.029,38.003569944657215,2.8942330652905857,3.637680101225777,1.0627201589301813,12.959844447906553,5.123963979403259
2019,2,Police Marine Hq,35000286,Police Station,23035,168.0,366337.547888,62880.333454,0.029,45.057499855729105,5.705097002556371,3.8079394486828946,1.741359986246854,10.044770077370018,5.123963979403259
2019,2,Property Dept Workshop,34999127,Office,39170,70.0,113003.255456,84720.464796,0.029,25.984626486527446,4.2385781792529995,3.2575050741614997,1.4442278779246456,10.575666426659877,4.248495242049359
2019,2,Public Health HQ,34999128,Office,111385,70.0,2002894.677948,44929.833333,0.029,22.289763414682767,1.2963518920248236,3.104127533374772,0.2595540826988503,11.620747947498975,4.248495242049359
2019,2,Regent Park,34999249,Community Center,6168,100.0,48335.669129,0.0,0.029,7.836522232328146,0.22725914473751624,2.0587951431306304,-1.4816643058650325,8.727129915243166,4.605170185988092
2019,2,Regent Park Aquatic Centre,34999468,Recreation,30505,100.0,996624.973484,24392.304625,0.029,41.21077813076545,2.483518813822685,3.7186998272584955,0.9096764310641298,10.325645883585953,4.605170185988092
2019,2,Regent Park Community Centre,34999250,Community Center,55004,100.0,831696.277258,1226.793668,0.029,15.358854512985236,0.4813443145354883,2.7316921489610757,-0.7311724343258126,10.915161188842836,4.605170185988092
2019,2,Riverdale Library,35000363,Library,9658,70.0,155990.053474,18505.262352,0.029,36.614853530064195,4.149132380300062,3.600453992233673,1.422899247397539,9.175541866433488,4.248495242049359
2019,2,Runnymede Library,35000364,Library,12034,70.0,162903.137548,22092.316128,0.029,33.14351618705667,3.9191898180804383,3.5008471073675898,1.365884953380198,9.395491255780296,4.248495242049359
2019,2,S Walter Stewart Library,35000365,Library,25847,70.0,349388.053871,22162.697704,0.029,22.675191138225713,2.039184270965412,3.1212714254353844,0.7125498607141105,10.159949819043163,4.248495242049359
2019,2,S.H. Armstrong Community Centre,34999251,Community Center,18277,100.0,218810.342299,24520.406667,0.029,26.300174290231435,2.9243968448858126,3.269575566166758,1.0730882525436134,9.813398717754442,4.605170185988092
2019,2,Sanderson Library,35000366,Library,12702,70.0,206901.952085,16822.516529,0.029,30.433508787176823,3.01654943022154,3.4155442641027274,1.1041136053785559,9.44951474036292,4.248495242049359
2019,2,Scadding Court C.C.,34999469,Recreation,46694,100.0,900229.72771,125917.8225,0.029,48.07966916541741,5.739384056326081,3.8728594092843394,1.7473518973133744,10.751370955745383,4.605170185988092
2019,2,South District Office & Workshop,34999132,Office,13487,70.0,123973.869791,31940.468301,0.029,34.48491667870393,4.81596217321569,3.5405220307198,1.5719358535769383,9.509481537516857,4.248495242049359
2019,2,Spadina Road Library,35000368,Library,3952,70.0,74196.054694,10207.303371,0.029,46.35881950816801,5.5060514579496465,3.8364115545616713,1.7058477524721756,8.281977058867758,4.248495242049359
2019,2,St Albans Boys Club,34999470,Recreation,23293,100.0,268158.76511,72835.486129,0.029,44.90798767731593,6.340684885673764,3.804615678198079,1.8469867887462408,10.055908165231354,4.605170185988092
2019,2,St Clair Silverthorn Library,35000369,Library,4587,70.0,31356.870903,6219.677419,0.029,21.31742440329627,2.802997509938086,3.0595247854003267,1.0306893838262403,8.430981494597171,4.248495242049359
2019,2,St Lawrence Community Recreation Centre,34999471,Recreation,46113,100.0,904151.700484,272073.676366,0.029,82.6209217373166,11.902802498495479,4.414262938252509,2.4767738764660026,10.738850184893042,4.605170185988092
2019,2,St Lawrence Hall,34999133,Office,55413,70.0,904369.368774,66843.583871,0.029,29.20359562767365,2.7905588275429407,3.374291839627412,1.0262418723869593,10.922569502247429,4.248495242049359
2019,2,St Lawrence Library,35000370,Library,4833,70.0,54084.002689,0.0,0.029,11.190565422925719,0.3245263972648459,2.415071050352519,-1.1253883986431439,8.483222671845084,4.248495242049359
2019,2,Sunshine Center for Seniors,34999256,Community Center,2250,100.0,59109.400972,0.0,0.029,26.270844876444446,0.7618545014168889,3.268459764445777,-0.27199968454988604,7.718685495198466,4.605170185988092
2019,2,TPS Station #43/Amelie House,34999138,Office,9365,70.0,88580.053857,33468.761898,0.029,47.6269547173134,7.139595639926427,3.863398876537676,1.9656561416842548,9.144734614878189,4.248495242049359
2019,2,Toronto Island Service Office,34999135,Office,20968,70.0,108653.157235,23641.866667,0.029,17.223783538657,2.3162422466197063,2.846291192557232,0.8399461512269217,9.950752745003243,4.248495242049359
2019,2,Toronto Reference Library,35000374,Library,426535,70.0,7933820.025419,485349.980328,0.029,30.753297655109286,2.725305292525207,3.425997229319204,1.002580455794077,12.963449705852842,4.248495242049359
2019,2,Traffic Services and Garage,35000291,Police Station,297988,168.0,3764608.149515,753220.747103,0.029,39.629131805895,5.222058242348006,3.679564499465399,1.6528916234793907,12.60480849622037,5.123963979403259
2019,2,Trinity Community Recreation Centre,34999473,Recreation,36909,100.0,609521.555387,236097.953869,0.029,84.83155064368907,12.767083759748896,4.440667533078359,2.5468702774612373,10.516210702728278,4.605170185988092
2019,2,University Settlement,34999474,Recreation,47566,100.0,521829.930032,134599.660857,0.029,41.19232872187613,5.754089401615124,3.7182520429478725,1.7499108023070762,10.769873499281642,4.605170185988092
2019,2,Wallace Emerson Community Centre,34999420,Recreation,51882,100.0,1112784.580323,150718.473125,0.029,52.4740347962299,6.202554637494544,3.9603184719449627,1.8249612454921458,10.856727188188485,4.605170185988092
2019,2,Waterfront Neighbourhood Centre,34999262,Community Center,123214,100.0,958721.909451,86867.510543,0.029,15.310491681547877,1.5799781122857954,2.728538324212561,0.45741099395924817,11.721677959989071,4.605170185988092
2019,2,Wellesley Place Employment & Social Services,34999139,Office,52108,70.0,1052794.378355,0.0,0.029,20.20408341051278,0.5859184189048706,3.0058847330130822,-0.5345747159825809,10.861073766817455,4.248495242049359
2019,2,Weston Library,35000376,Library,11944,70.0,152355.4608,15717.611996,0.029,26.81007676802411,2.8978433529400536,3.288777815653843,1.0639667889316997,9.387984339219026,4.248495242049359
2019,2,Wychwood Library,35000379,Library,6381,70.0,94083.448971,0.0,0.029,14.74431107522332,0.4275850211814763,2.6908573185730136,-0.8496021304226493,8.761080103868347,4.248495242049359
2019,2,York Civic Center,34999140,Office,72915,70.0,1005761.754567,117126.850877,0.029,30.94941400169183,3.4858091122150454,3.432354065241888,1.2487001871978005,11.197049658147666,4.248495242049359
2019,2,York Humber Employment & Social Services,34999141,Office,32980,70.0,443222.098806,0.0,0.029,13.439117610855064,0.38973441071479686,2.598169678985452,-0.942289770010211,10.40365659611359,4.248495242049359
2019,2,York Recreation Centre,34999475,Recreation,67879,100.0,1750514.374677,186032.063403,0.029,55.05880775823215,6.012647662204747,4.0084018459789705,1.7938651943327601,11.12548198735986,4.605170185988092
2019,2,Yorkville Library,35000381,Library,9053,70.0,217279.172191,21559.972832,0.029,49.435511105352916,5.27093823084182,3.900669014232697,1.6622083791251834,9.11085147347544,4.248495242049359
2020,3,#11 Police Division,35000256,Police Station,62000,168.0,1061136.896354,36914.084023,0.033,23.47385989870387,1.7085398869010486,3.155887457299547,0.535639138452901,11.03488966402723,5.123963979403259
2020,3,#12 Police Division,35000257,Police Station,25780,168.0,574649.015774,10131.433211,0.033,26.487692880817686,1.4905314475901088,3.2766802055242112,0.39913273259849297,10.157354276493178,5.123963979403259
2020,3,#13 Police Division,35000258,Police Station,20344,168.0,491883.884516,43120.917118,0.033,46.8155367349705,4.869615118595458,3.846215129346394,1.5830149028821492,9.920541307101956,5.123963979403259
2020,3,#14 Police Division,35000259,Police Station,64200,168.0,1138739.394161,21550.338852,0.033,21.322383381625542,1.2301651237072428,3.059757383932508,0.20714840729047282,11.069758489678053,5.123963979403259
2020,3,#51 Police Division,35000268,Police Station,56000,168.0,1646350.716919,176224.625362,0.033,63.00767349616357,7.015304981763017,4.143256520500735,1.9480941882705423,10.933106969717286,5.123963979403259
2020,3,#52 Police Division,35000269,Police Station,71677,168.0,1150825.346032,81863.919104,0.033,28.253582070437098,2.723855979154261,3.3412202485076676,1.0020485158007966,11.179925194094393,5.123963979403259
2020,3,#53 Police Division,35000270,Police Station,52183,168.0,691396.7836460001,57710.417952,0.033,25.0607294976019,2.5617117978289863,3.221302059084213,0.9406757060575567,10.862512050330492,5.123963979403259
2020,3,#55 Police Division,35000272,Police Station,23519,168.0,547103.12213,18265.649412,0.033,31.55662476509035,2.259565268537863,3.451783543651708,0.8151724357267758,10.065563884101888,5.123963979403259
2020,3,175 Memorial Park Ave,34999089,Office,6394,70.0,81184.619829,10510.351672,0.033,30.252608020950895,3.5767091048278075,3.4095823963291267,1.2744431331868102,8.763115329619787,4.248495242049359
2020,3,275 Merton St,34999096,Office,66747,70.0,399790.506024,91067.998228,0.033,20.561174690982966,2.81862422722789,3.0234045737302715,1.0362489032211575,11.108664631432267,4.248495242049359
2020,3,51 Lisgar,34999099,Office,10053,70.0,127796.474968,63237.233548,0.033,79.89357696813289,12.503333265657215,4.380695461157091,2.5259952700130404,9.215626376405421,4.248495242049359
2020,3,53 Strachan Ave,34999100,Office,49213,100.0,254438.513683,0.0,0.033,5.170148409627537,0.17061489751770875,1.642901394032419,-1.7683463234832377,10.8039130952207,4.605170185988092
2020,3,Annette Community Recreation Centre,34999449,Recreation,20774,100.0,287562.279543,0.0,0.033,13.842412609174929,0.4567996161027727,2.6277372564694783,-0.7835104610461786,9.941457483787756,4.605170185988092
2020,3,Annette Street Library,35000296,Library,7806,70.0,166031.651086,8194.942737,0.033,32.48189079133487,2.7186176637990007,3.4806827276180377,1.0001235392858967,8.96264794774056,4.248495242049359
2020,3,Archives and Records Centre,34999102,Office,39590,70.0,409458.060323,48048.397429,0.033,23.30424210317555,2.6727225928711293,3.148635408513895,0.9830976505781481,10.586331840100176,4.248495242049359
2020,3,Armour Heights Community Centre,34999191,Community Center,19773,100.0,165587.493742,27626.207764,0.033,23.296181290725734,2.960316209382997,3.148289454037813,1.0852960901245743,9.892072649720829,4.605170185988092
2020,3,Atlantic Ave Storage Bldg,34999103,Office,43002,70.0,74359.67988699999,29655.561669,0.033,9.094485803263105,1.3818474350592995,2.207668274172086,0.3234213249384802,10.669001905221974,4.248495242049359
2020,3,Beaches Employment & Social Services,34999105,Office,25327,70.0,257236.908025,29153.914661,0.033,22.4503777235551,2.5464321881235836,3.1113074391494,0.9346932375450243,10.13962629934515,4.248495242049359
2020,3,Beaches Library,35000299,Library,8000,70.0,85903.555309,9934.184411,0.033,24.00008060231,2.739798197341,3.1780571887718896,1.0078842670821653,8.987196820661973,4.248495242049359
2020,3,Beaches Recreation Centre,34999451,Recreation,14445,100.0,146093.914162,0.0,0.033,10.113805064866735,0.3337555671406023,2.3139013286799526,-1.097346388835704,9.578103612900335,4.605170185988092
2020,3,Bloor Gladstone Library,35000302,Library,20627,70.0,253243.039452,30333.954775,0.033,27.983210183206474,3.2301617988408884,3.3316046940073933,1.1725322285003756,9.934356176198595,4.248495242049359
2020,3,Centre Island Police Division,35000273,Police Station,1001,168.0,17890.777529,0.0,0.033,17.872904624375625,0.5898058526043956,2.8832858578976697,-0.5279618596179874,6.90875477931522,5.123963979403259
2020,3,Chaplin Crescent Storage,34999107,Office,18299,70.0,165964.3318,19345.275,0.033,20.360231094595335,2.330132587813542,3.0135835420400743,0.8459251705996067,9.814601692527686,4.248495242049359
2020,3,Church Isabella Resident Coop,34999199,Community Center,19106,100.0,905.766,0.0,0.033,0.047407411284413274,0.001564444572385638,-3.048976706292214,-6.460224423807871,9.857757700829954,4.605170185988092
2020,3,City Hall,34999109,Office,780061,70.0,10574934.204033,0.0,0.033,13.55654776233269,0.44736607615697876,2.606869660300291,-0.8043780572153658,13.567127400736117,4.248495242049359
2020,3,City Hall Ancillary Office Building,34999110,Office,14768,70.0,149959.255243,19454.57131,0.033,24.223596752017873,2.865715527459981,3.1873272304857796,1.0528180667894425,9.600217956742634,4.248495242049359
2020,3,College Shaw Library,35000309,Library,7684,70.0,79922.324264,9345.407667,0.033,23.39032771311296,2.6795893843075222,3.1523225913193547,0.9856635679735511,8.946895523888447,4.248495242049359
2020,3,Danforth Coxwell Library,35000310,Library,9617,70.0,108746.118322,8422.033548,0.033,20.660646419324113,2.0554589113376314,3.0282307516494593,0.7204991375367509,9.171287644712482,4.248495242049359
2020,3,Davenport 1347,34999201,Community Center,2282,100.0,5922.894794,513.220588,0.033,4.997410461805434,0.51768285615688,1.608919870634702,-0.6583924710236514,7.732807530422021,4.605170185988092
2020,3,Davenport Library,35000311,Library,3604,100.0,99348.708357,0.0,0.033,27.566234283296335,0.9096857313487792,3.3165916282311367,-0.09465608928451985,8.189799618728228,4.605170185988092
2020,3,David Appleton Community Centre,34999202,Community Center,2906,100.0,38788.569481,7298.863943,0.033,40.17220798081211,5.265361468470751,3.6931754127757834,1.6611497982094932,7.974532844130228,4.605170185988092
2020,3,Deer Park Library,35000313,Library,16558,70.0,351943.221914,27550.104138,0.033,39.02514398525425,3.8976854917417563,3.6642061559591803,1.3603829133103817,9.71462464769875,4.248495242049359
2020,3,Dufferin St Clair Library,35000316,Library,11208,70.0,103729.442279,20156.107706,0.033,28.461516111623837,3.760078024485457,3.3485528629091545,1.3244397083794408,9.324383088016843,4.248495242049359
2020,3,East York Civic Centre,34999114,Office,67544,70.0,1338524.518516,82498.601191,0.033,32.861683928045125,3.000283104331088,3.492307356823964,1.0987066523260822,11.120534516349336,4.248495242049359
2020,3,East York Community Centre,34999454,Recreation,31000,100.0,401562.842838,92366.76969599999,0.033,44.775482038428386,6.151230270957096,3.80166071368287,1.8166521058703464,10.341742483467284,4.605170185988092
2020,3,Eastview Neighbourhood C.C.,34999208,Community Center,25510,100.0,292799.56071,36958.12105,0.033,26.950697511720893,3.1618555876315173,3.294009178716589,1.1511590665335398,10.146825811135857,4.605170185988092
2020,3,Evelyn Gregory Library,35000321,Library,6200,70.0,92321.617829,14340.612848,0.033,39.59344565252258,4.934666236994356,3.6786635907363228,1.5962850387835903,8.732304571033183,4.248495242049359
2020,3,Fairbank Memorial Community Centre,34999214,Community Center,19364,100.0,254366.617332,31977.160294,0.033,30.772706531291057,3.605774803590684,3.4266281455336483,1.2825366723569935,9.871170951059584,4.605170185988092
2020,3,Fairmount Park Community Centre,34999456,Recreation,4359,100.0,6090.127689,0.0,0.033,1.3971387219545768,0.04610557782450104,0.33442637524081964,-3.076821342274837,8.379997952238393,4.605170185988092
2020,3,Fire Academy,34999302,Fire Station,61214,168.0,718958.908774,99407.98931,0.033,29.08870903069233,3.5071779569061325,3.3703500930655794,1.2548117132142775,11.022131200509191,5.123963979403259
2020,3,Fire Station 131,34999315,Fire Station,5845,168.0,57908.14664699999,10051.465464,0.033,28.273361471774162,3.630424977877674,3.3419200706068244,1.28934971521966,8.67334187390617,5.123963979403259
2020,3,Fire Station 132,34999316,Fire Station,7664,168.0,90688.418623,7451.645992,0.033,22.21711871314718,2.258263278339118,3.100863104928025,0.814596056954859,8.944289319650697,5.123963979403259
2020,3,Fire Station 134,34999318,Fire Station,7126,168.0,46204.08888600001,11800.091786,0.033,24.169108779186082,3.3949917561246146,3.1850753210188536,1.222301332767539,8.871505346165781,5.123963979403259
2020,3,Fire Station 135,34999319,Fire Station,12718,168.0,161983.379193,35118.806953,0.033,42.22772742970907,5.7248529383615345,3.7430770533777418,1.7448168614879314,9.450773591827353,5.123963979403259
2020,3,Fire Station 135 - OLD,34999320,Fire Station,10592,168.0,16744.7066,0.0,0.033,1.5808824206948642,0.05216911988293052,0.4579831852497565,-2.9532645322659,9.26785427817679,5.123963979403259
2020,3,Fire Station 224,34999335,Fire Station,3767,168.0,64130.638799,5545.960931000001,0.033,32.74794306930715,3.389992574679587,3.4888401530647593,1.2208277310299562,8.23403420769204,5.123963979403259
2020,3,Fire Station 226,34999337,Fire Station,11808,168.0,51817.081085,34283.47628,0.033,35.3967316866023,5.722266396484164,3.5666194906402686,1.7443649500776053,9.376532546840254,5.123963979403259
2020,3,Fire Station 227,34999338,Fire Station,10484,168.0,69443.85948300001,18363.496969,0.033,25.330599686371617,3.5833579779080504,3.2320131386789197,1.2763003434376468,9.257605564443297,5.123963979403259
2020,3,Fire Station 311,34999349,Fire Station,12755,168.0,58775.470567,16489.226143,0.033,18.41477113086946,2.6354679693778125,2.913153121411946,0.9690607637115948,9.453678630575912,5.123963979403259
2020,3,Fire Station 312,34999350,Fire Station,9806,168.0,107835.327711,19941.396677,0.033,32.71562759752805,4.269425742502549,3.4878528719227497,1.4514793316630477,9.190749722211178,5.123963979403259
2020,3,Fire Station 313,34999351,Fire Station,12099,168.0,133407.536197,10008.646785,0.033,19.86113595014464,1.95297621030548,2.988764854873769,0.6693544707171668,9.400878083541478,5.123963979403259
2020,3,Fire Station 314,34999352,Fire Station,11937,168.0,55116.662582,22401.024374,0.033,24.659428909803133,3.7573274430476675,3.2051593389036848,1.323707918249876,9.387398099095039,5.123963979403259
2020,3,Fire Station 315,34999353,Fire Station,7244,168.0,28929.268475,10970.421286,0.033,20.167499697609056,3.0409780715186363,3.0040723828350195,1.1121791977250117,8.887928819003305,5.123963979403259
2020,3,Fire Station 322,34999355,Fire Station,7535,168.0,41275.337629,15776.235862,0.033,27.838823707386858,4.202818212695289,3.326431582683743,1.4357553032901367,8.927314111060596,5.123963979403259
2020,3,Fire Station 323,34999356,Fire Station,10236,168.0,101326.136662,33007.566065,0.033,44.338310105138724,6.521228694872118,3.791849091263833,1.875062808317826,9.23366619727968,5.123963979403259
2020,3,Fire Station 324,34999357,Fire Station,13153,168.0,56777.905413,24752.83346,0.033,24.415583271177677,3.757611492077017,3.195221587098332,1.3237835140815755,9.48440514846878,5.123963979403259
2020,3,Fire Station 325,34999358,Fire Station,10129,168.0,131929.641563,22614.115,0.033,36.869225961397966,4.718668485198835,3.607377218301732,1.5515266592061396,9.223157875686796,5.123963979403259
2020,3,Fire Station 331,59463292,Fire Station,10979,168.0,77836.794314,12504.339499,0.033,19.253405607370436,2.4218462874525004,2.957687959754833,0.884530177985814,9.303739636234733,5.123963979403259
2020,3,Fire Station 332,34999360,Fire Station,24865,168.0,286337.898516,51548.37448699999,0.033,33.65672785188658,4.362500624997184,3.5162129722692144,1.4730454307943655,10.12121647114884,5.123963979403259
2020,3,Fire Station 333,34999361,Fire Station,12723,168.0,131006.934584,17724.63088,0.033,25.175351126495322,3.015974594179989,3.2258653859351796,1.1039230264298554,9.4511666581427,5.123963979403259
2020,3,Fire Station 334/TPS Station #36,34999362,Fire Station,13003,168.0,384728.671387,23852.169999,0.033,49.17863931218334,4.500197240932862,3.8954593689019053,1.5041212271341238,9.47293537905132,5.123963979403259
2020,3,Fire Station 335/TPS Station #59,34999363,Fire Station,4402,168.0,114412.515542,6282.652546,0.033,41.23381297893684,3.5994067591440255,3.7192586231348708,1.2807690427561849,8.389814262086407,5.123963979403259
2020,3,Fire Station 341,34999364,Fire Station,9268,168.0,76304.567588,26053.458461,0.033,38.25588087521364,5.671854168535282,3.644297296826074,1.735516078133305,9.134322885552267,5.123963979403259
2020,3,Fire Station 342,34999365,Fire Station,3057,168.0,29258.736808,11598.013004,0.033,50.090126166411515,7.603965094978085,3.913823906160754,2.028669834265579,8.025189321890835,5.123963979403259
2020,3,Fire Station 343,34999366,Fire Station,9827,168.0,61351.47001400001,20955.632333,0.033,29.017769749714056,4.302469545350056,3.3679083923219917,1.459189170717101,9.192888978362427,5.123963979403259
2020,3,Fire Station 344,34999367,Fire Station,11238,168.0,56247.509947,25137.914712,0.033,28.894860212774518,4.462190958355846,3.363663731992838,1.4956398916781535,9.327056171672144,5.123963979403259
2020,3,Fire Station 345,34999368,Fire Station,12809,168.0,127423.730943,42333.744184,0.033,45.24538362308689,6.677188359636428,3.812100645562309,1.8986969946974548,9.457903327831136,5.123963979403259
2020,3,Fire Station 421,34999373,Fire Station,9461,168.0,102692.657294,25204.870798,0.033,39.306698807381885,5.475892029770638,3.671394957463777,1.7003551902432588,9.154933364704444,5.123963979403259
2020,3,Fire Station 422,34999374,Fire Station,7944,168.0,63086.869609,16815.24,0.033,30.548040383811685,4.328290878285121,3.419300539004172,1.4651727477620213,8.980172205725008,5.123963979403259
2020,3,Fire Station 423,34999375,Fire Station,12335,168.0,112047.988971,25343.172861,0.033,31.026597091729226,4.246600624404054,3.434844807339613,1.4461188098017754,9.420196028963456,5.123963979403259
2020,3,Fire Station 424,34999376,Fire Station,5866,168.0,39149.654715,12795.159008,0.033,29.96964761684964,4.4104055676718374,3.400185123396573,1.4839666506886577,8.676928249537397,5.123963979403259
2020,3,Fire Station 425,34999377,Fire Station,7955,168.0,56873.118911,8076.309495,0.033,17.99221927311125,2.1862229370154624,2.8899394018388227,0.782175368550427,8.981555940771887,5.123963979403259
2020,3,Fire Station 426,34999378,Fire Station,12486,168.0,183810.996029,19477.488345,0.033,31.3815931085696,3.4824617955872177,3.446221514294411,1.2477394562131467,9.43236329562169,5.123963979403259
2020,3,Fire Station 442,34999385,Fire Station,15479,168.0,212933.658936,14819.324516,0.033,23.98113862438659,2.293089549720525,3.177267630723439,0.8299000566328343,9.647239545573877,5.123963979403259
2020,3,Fire Warehouse & Mechanical Building,34999390,Fire Station,23002,168.0,180784.157807,29803.908108,0.033,21.69767395880532,2.748421210464264,3.0772050639626007,1.0110266415312166,10.043336447652527,5.123963979403259
2020,3,"Forensic Service, Store & Garage",35000277,Police Station,62484,168.0,1557970.104193,250850.484781,0.033,67.81021192071698,8.534933658259236,4.2167128019042135,2.1441675833115945,11.0426658029509,5.123963979403259
2020,3,Forest Hill Community Centre,34999218,Community Center,32841,100.0,527374.264194,61453.524195,0.033,36.043296568210465,4.124587274961085,3.5847208982632113,1.416965960225965,10.399433013772667,4.605170185988092
2020,3,Forestry W District Office,34999118,Office,8999,70.0,65462.436778,19459.194516,0.033,30.368555862749197,4.393974117003,3.413407726486459,1.4802340834132077,9.104868739033948,4.248495242049359
2020,3,Former Hydro Building,34999119,Office,22497,70.0,218744.270774,28131.985539,0.033,23.07836050720185,2.723034411519803,3.1388954039002206,1.001746850967557,10.021137245969499,4.248495242049359
2020,3,Fort York Library,35000323,Library,16008,70.0,241608.008839,11035.926109,0.033,22.45575335351824,1.8224061935954523,3.1115468554544736,0.600157712297769,9.68084387626357,4.248495242049359
2020,3,Frankland Community Centre,34999457,Recreation,15308,100.0,20613.514711,0.0,0.033,1.3465844467598642,0.04443728674307552,0.29757134705481464,-3.1136763704608423,9.636130846545592,4.605170185988092
2020,3,Gerrard Ashdale Library,35000324,Library,6504,70.0,51118.426143,6760.967742,0.033,18.961494715184504,2.2562618534903134,2.9424103289086014,0.8137093967097694,8.780172651227646,4.248495242049359
2020,3,Glenlong Community Centre,34999405,Recreation,10236,100.0,394078.122742,44351.074808,0.033,84.77409160721375,9.593883622181908,4.439989972616207,2.261125772735496,9.23366619727968,4.605170185988092
2020,3,Harrison Pool,34999459,Recreation,15263,100.0,170973.109857,53717.274999,0.033,48.789465167157175,7.13051155725349,3.887514411831963,1.9643829790128775,9.633186877915122,4.605170185988092
2020,3,Harwood Hall,34999220,Community Center,4306,100.0,19916.852529,10384.655757,0.033,30.382019510859266,4.785457464620066,3.413850969970087,1.5655816242264977,8.367764677924308,4.605170185988092
2020,3,Health Office - Jane Street Clinic,34999121,Office,2540,70.0,17990.234878,316.141333,0.033,8.412056816708661,0.4728288392389763,2.1296660120626103,-0.7490218180521292,7.8399193600125825,4.248495242049359
2020,3,High Park Library,35000327,Library,8850,70.0,99403.057086,20360.728596,0.033,35.80289700466441,4.79019892844678,3.578028812050653,1.5665719405076153,9.088172738001974,4.248495242049359
2020,3,Jane & Dundas Library,35000332,Library,11955,70.0,158181.412588,14837.626425,0.033,26.48659663797574,2.820833707890339,3.2766388177924624,1.0370324823526698,9.388904879892426,4.248495242049359
2020,3,Jimmie Simpson Recreation Centre,34999411,Recreation,43906,100.0,838423.431451,150101.495484,0.033,55.60760267890766,7.19748886399688,4.01831993073791,1.9737321962986734,10.689806263983868,4.605170185988092
2020,3,John Innes Community Recreation Centre,34999460,Recreation,28055,100.0,427116.160714,68213.833636,0.033,41.191940971180884,5.173181526227696,3.71824262972623,1.6434878814993972,10.241922148185072,4.605170185988092
2020,3,Jones Library,35000334,Library,3636,70.0,82178.138072,3529.57108,0.033,32.968635095269526,2.6106118264730473,3.4955566578423998,0.9595846101365987,8.19863945529737,4.248495242049359
2020,3,Joseph J. Piccininni Community Centre,34999461,Recreation,70030,100.0,789006.099774,128439.997566,0.033,30.854566239881194,3.895051215433786,3.4292847536570767,1.3597068282564915,11.156679000649563,4.605170185988092
2020,3,June Rowlands Park,34999227,Community Center,2777,100.0,32898.58725,5707.325424000001,0.033,33.796479214375225,4.339008109021966,3.5203566318082253,1.4676457756833234,7.9291264873067995,4.605170185988092
2020,3,Ledbury Park,34999414,Recreation,5780,100.0,171701.568226,17664.532786,0.033,62.345809408387545,6.851162497121799,4.132696459095649,1.9244183454844483,8.662158961666423,4.605170185988092
2020,3,Lillian H Smith Library,35000337,Library,38935,70.0,1180850.376096,106780.086174,0.033,59.61889550364248,6.269233541836959,4.08797256247689,1.8356541050413846,10.569648868011086,4.248495242049359
2020,3,Locke Library,35000338,Library,11647,70.0,175155.506645,66666.299176,0.033,76.16996495618442,11.491894259155233,4.332967224310867,2.44164193981777,9.362803915102651,4.248495242049359
2020,3,Main Square Community Centre,34999462,Recreation,35123,100.0,487374.328194,94683.835455,0.033,42.66713238770606,5.636506014277169,3.7534288905287965,1.7292643725252397,10.466611465513152,4.605170185988092
2020,3,Main Street Library,35000340,Library,8664,70.0,69324.858058,11602.453297,0.033,22.303677201057248,2.8365689172958217,3.104751561780469,1.0425951940857743,9.066931788680826,4.248495242049359
2020,3,Maple Leaf Cottage,34999232,Community Center,2842,100.0,9348.185058000001,2454.357005,0.033,12.512567864672764,1.7675263594366641,2.5267335683767014,0.5695810320786115,7.952263308657046,4.605170185988092
2020,3,Maria A Shchuka Library,35000341,Library,25475,70.0,323899.267505,30679.907082,0.033,25.576473999637294,2.733062898221276,3.241672944571312,1.0054229210321022,10.145452858090925,4.248495242049359
2020,3,Markdale Preschool,34999233,Community Center,1829,100.0,12758.225653,0.0,0.033,6.975519766539092,0.23019215229579007,1.942406843431292,-1.4688408740843646,7.511524648390866,4.605170185988092
2020,3,Mary McCormick Recreation Centre,34999463,Recreation,43099,100.0,613428.2204999999,53442.160164,0.033,27.476054921263138,2.8517023817616187,3.313314895230957,1.0479161428857378,10.671255073966524,4.605170185988092
2020,3,Masaryk-Cowan Community Recreation Centre,34999234,Community Center,32270,100.0,283763.66171,23714.407059,0.033,16.641881905798577,1.701877186140967,2.8119225242986663,0.5317318689935552,10.381893285046008,4.605170185988092
2020,3,Matty Eckler Recreation Centre,34999464,Recreation,47383,100.0,483865.078387,92939.376129,0.033,31.1600703932786,4.104934029727539,3.439137480091093,1.4121896720633291,10.766018793563921,4.605170185988092
2020,3,Metro Hall,34999123,Office,787186,70.0,7096587.902162,0.0,0.033,9.015134799351106,0.2974994483785865,2.19890480932786,-1.2123429081877968,13.576219840009188,4.248495242049359
2020,3,Mount Dennis Community Centre,34999236,Community Center,3003,100.0,37003.794515,5997.984732,0.033,33.653770047539126,4.2435077886004,3.5161250868890237,1.4453902358448805,8.00736706798333,4.605170185988092
2020,3,Mount Dennis Library,35000346,Library,11350,70.0,134235.101647,14043.988235,0.033,25.041841056986787,2.767247555399648,3.2205480681691414,1.0178531638789774,9.336973022909548,4.248495242049359
2020,3,Mount Pleasant Library,35000347,Library,5829,70.0,73601.394057,8829.745821,0.033,28.804782883046833,3.3266062319475043,3.3605414456814326,1.2019526347409983,8.67060073804555,4.248495242049359
2020,3,Niagara C.C,34999238,Community Center,5296,100.0,73255.9766,0.0,0.033,13.832321865558912,0.4564666215634441,2.6270080177429125,-0.7842396997727441,8.574707097616844,4.605170185988092
2020,3,North Toronto Memorial Community Centre,34999467,Recreation,74820,100.0,1307050.943258,204430.758128,0.033,46.65024645903555,5.825236133271878,3.8426782104312847,1.7621995365308774,11.222840507902138,4.605170185988092
2020,3,Northern District Library,35000351,Library,48654,70.0,2460143.544871,167992.046875,0.033,87.43985295137091,8.301423501204793,4.470951162157936,2.116427006266303,10.792489304172612,4.248495242049359
2020,3,Oakwood Village Library,35000354,Library,17270,70.0,200429.938451,19071.46875,0.033,23.39972349166184,2.5043705522659527,3.1527242056981915,0.9180374264210509,9.756726171140725,4.248495242049359
2020,3,Old City Hall,34999126,Office,350494,70.0,2406033.933129,0.0,0.033,6.8646936413433615,0.22653489016433093,1.9263914120542172,-1.4848563054614397,12.767098866907977,4.248495242049359
2020,3,Palmerston Library,35000355,Library,8493,70.0,213283.354561,0.0,0.033,25.112840522901212,0.82872373725574,3.2233792899456324,-0.18786842757002442,9.04699757378001,4.248495242049359
2020,3,Pam McConnell Aquatic Centre,34999468,Recreation,30505,100.0,681025.379516,22529.265713,0.033,30.212684390455337,2.1554681841895103,3.408261849129069,0.7680079548036153,10.325645883585953,4.605170185988092
2020,3,Pape Danforth Library,35000356,Library,8175,70.0,119516.327626,11442.70258,0.033,29.56873286610397,3.1713113722125996,3.3867174809375538,1.1541451844323396,9.008835995765454,4.248495242049359
2020,3,Parkdale Library,35000357,Library,24083,70.0,238740.621642,36182.905883,0.033,25.95914364790267,3.213295798506374,3.2565239039228677,1.1672971389233748,10.089261476380335,4.248495242049359
2020,3,Parliament Library,35000358,Library,14634,70.0,204938.30506,16838.31954,0.033,26.29298604258576,2.672500745067651,3.2693022132195324,0.9830146427075392,9.591102867443976,4.248495242049359
2020,3,Pelmo Park,34999246,Community Center,2573,100.0,80943.942562,9160.638387,0.033,69.48292286636611,7.877472384754373,4.2410810082250725,2.0640070890581748,7.8528278122817445,4.605170185988092
2020,3,Perth Dupont Library,35000359,Library,3627,70.0,16463.677743,4843.342719,0.033,18.800821059255586,2.7150159163821344,2.9339005422469087,0.9987978157562415,8.196161139282902,4.248495242049359
2020,3,Police Dog Service,35000283,Police Station,9440,168.0,148369.289481,6722.709065999999,0.033,23.322862532402546,1.8867066386291313,3.149434104052139,0.6348327898750932,9.152711259139547,5.123963979403259
2020,3,Police Headquarters,35000285,Police Station,425000,168.0,8748293.434063999,456756.137242,0.033,32.06223289366719,2.7438169952141034,3.467678792094484,1.0093500149333507,12.959844447906553,5.123963979403259
2020,3,Police Marine Hq,35000286,Police Station,23035,168.0,354349.324827,51298.363548,0.033,39.16717375817842,4.785660260256089,3.6678389918496133,1.5656240008102744,10.044770077370018,5.123963979403259
2020,3,Property Dept Workshop,34999127,Office,39170,70.0,130069.979032,95807.93687500001,0.033,29.44341957766148,4.808255196449605,3.3824704412478295,1.5703342732889078,10.575666426659877,4.248495242049359
2020,3,Public Health HQ,34999128,Office,111385,70.0,1945085.067487,34449.352941,0.033,20.765849592825603,1.1704000918142659,3.0333097909014346,0.15734564917068647,11.620747947498975,4.248495242049359
2020,3,Regent Park,34999249,Community Center,6168,100.0,42845.635072,0.0,0.033,6.9464388897535665,0.22923248336186772,1.938229138296589,-1.4730185792190678,8.727129915243166,4.605170185988092
2020,3,Regent Park Community Centre,34999250,Community Center,55004,100.0,883311.548032,648.517166,0.033,16.18496311840739,0.5525976758225221,2.784082608624137,-0.5931250723964864,10.915161188842836,4.605170185988092
2020,3,Riverdale Library,35000363,Library,9658,70.0,172033.886291,19005.21875,0.033,38.82891101066473,4.367999944745599,3.659165098299179,1.4743052257927869,9.175541866433488,4.248495242049359
2020,3,Runnymede Library,35000364,Library,12034,70.0,141814.441646,20199.821765,0.033,29.711528842961606,3.613406530237909,3.3915351470183297,1.2846509645841269,9.395491255780296,4.248495242049359
2020,3,S Walter Stewart Library,35000365,Library,25847,70.0,281779.588387,18430.684784,0.033,18.517402479209196,1.7295652062844817,2.9187109644790836,0.5478700510749338,10.159949819043163,4.248495242049359
2020,3,S.H. Armstrong Community Centre,34999251,Community Center,18277,100.0,196228.460259,20970.619355,0.033,22.99035262736773,2.5584121556875856,3.1350746769509668,0.9393868143712817,9.813398717754442,4.605170185988092
2020,3,Sanderson Library,35000366,Library,12702,70.0,161885.762587,12183.772222,0.033,22.98917099023461,2.263207101545662,3.135023278544006,0.8167828788341883,9.44951474036292,4.248495242049359
2020,3,Scadding Court C.C.,34999469,Recreation,46694,100.0,639339.170806,82023.79675,0.033,32.45284876206793,3.826314005939692,3.479788228574748,1.341901939249873,10.751370955745383,4.605170185988092
2020,3,South District Office & Workshop,34999132,Office,13487,70.0,105201.510771,23367.735394,0.033,26.304509882028622,3.5857543966276415,3.269740402887108,1.2769688833303563,9.509481537516857,4.248495242049359
2020,3,Spadina Road Library,35000368,Library,3952,70.0,47933.51930599999,9350.136629,0.033,37.39700873069838,4.945197014526062,3.6215907207592686,1.5984168054389876,8.281977058867758,4.248495242049359
2020,3,St Albans Boys Club,34999470,Recreation,23293,100.0,217892.590126,75002.302353,0.033,43.74349286292191,6.494220508061264,3.7783428671797568,1.8709126287649782,10.055908165231354,4.605170185988092
2020,3,St Clair Silverthorn Library,35000369,Library,4587,70.0,51768.558742,3313.713473,0.033,19.001312106745146,1.7601931589533464,2.944508035031774,0.5654235524333455,8.430981494597171,4.248495242049359
2020,3,St Lawrence Community Recreation Centre,34999471,Recreation,46113,100.0,852080.840226,231706.678122,0.033,72.14252298850563,10.26233809120682,4.278643648366823,2.328480697914197,10.738850184893042,4.605170185988092
2020,3,St Lawrence Hall,34999133,Office,55413,70.0,733932.197516,43643.83091,0.033,21.656440034555068,1.950076005560753,3.075302871396066,0.6678683490267062,10.922569502247429,4.248495242049359
2020,3,St Lawrence Library,35000370,Library,4833,70.0,60507.85881,0.0,0.033,12.519730769708255,0.41315111540037247,2.5273058614238253,-0.8839418560918314,8.483222671845084,4.248495242049359
2020,3,Stan Wadlow Clubhouse,34999255,Community Center,10323,100.0,64565.007942,71263.418448,0.033,79.98240017113628,13.46775860706132,4.3818066126100055,2.6002985776945806,9.24212969446559,4.605170185988092
2020,3,Sunshine Center for Seniors,34999256,Community Center,2250,100.0,55764.289588,0.0,0.033,24.78412870577778,0.8178762472906667,3.2102034767605194,-0.20104424075513738,7.718685495198466,4.605170185988092
2020,3,TPS Station #43/Amelie House,34999138,Office,9365,70.0,89505.223823,33014.408387,0.033,47.207592674443134,7.0874907525452215,3.854554741401323,1.9583313642974949,9.144734614878189,4.248495242049359
2020,3,Toronto Island Service Office,34999135,Office,20968,70.0,101691.885412,8884.271515,0.033,9.375043170173598,0.9739850152094143,2.2380511766643894,-0.026359360253211683,9.950752745003243,4.248495242049359
2020,3,Toronto Reference Library,35000374,Library,426535,70.0,7099280.071742001,433102.517953,0.033,27.488517855463304,2.4998327906389837,3.3137683849529416,0.9162238458929312,12.963449705852842,4.248495242049359
2020,3,Traffic Services and Garage,35000291,Police Station,297988,168.0,3401401.000162,790739.45502,0.033,39.754951138218985,5.4742362984374076,3.6827343902800966,1.7000527771032075,12.60480849622037,5.123963979403259
2020,3,Trinity Community Recreation Centre,34999473,Recreation,36909,100.0,550315.786323,161399.017162,0.033,61.61254137508901,8.892355060198353,4.1208654435685235,2.185191925601468,10.516210702728278,4.605170185988092
2020,3,University Settlement,34999474,Recreation,47566,100.0,360121.62971,103723.650177,0.033,30.860072606491194,4.438824912131501,3.4294631997025387,1.4903896819858038,10.769873499281642,4.605170185988092
2020,3,Wallace Emerson Community Centre,34999420,Recreation,51882,100.0,848347.511903,90484.758,0.033,34.9779254335415,3.8899172740217995,3.5547171606144894,1.3583878910859202,10.856727188188485,4.605170185988092
2020,3,Waterfront Neighbourhood Centre,34999262,Community Center,123214,100.0,983547.247895,107316.619811,0.033,17.284470494233446,1.9365679698529874,2.8498084390734943,0.6609173186869312,11.721677959989071,4.605170185988092
2020,3,Wellesley Community Centre,34999263,Community Center,41904,100.0,1219311.555936,161996.283479,0.033,70.38544920512886,8.386601324671798,4.25398655437406,2.12663535195792,10.643136566747494,4.605170185988092
2020,3,Wellesley Place Employment & Social Services,34999139,Office,52108,70.0,997061.239645,0.0,0.033,19.134513695497812,0.6314389519514277,2.9514937041568996,-0.4597540133587575,10.861073766817455,4.248495242049359
2020,3,Weston Library,35000376,Library,11944,70.0,138199.548706,15598.763346,0.033,25.51861530821165,2.890640446664769,3.2394081979218963,1.0614780854154306,9.387984339219026,4.248495242049359
2020,3,York Civic Center,34999140,Office,72915,70.0,881761.433999,117859.011915,0.033,29.356040338081325,3.504152632663814,3.379498328781931,1.2539487316756306,11.197049658147666,4.248495242049359
2020,3,York Humber Employment & Social Services,34999141,Office,32980,70.0,385547.224646,0.0,0.033,11.69033428277744,0.3857810313316556,2.4587623706933885,-0.9524853468222682,10.40365659611359,4.248495242049359
2020,3,York Recreation Centre,34999475,Recreation,67879,100.0,1381927.171581,137232.542337,0.033,41.950687602058956,4.555566677345717,3.7364948237695628,1.5163499307336803,11.12548198735986,4.605170185988092
2020,3,Yorkville Library,35000381,Library,9053,70.0,206378.878576,18737.882571,0.033,44.9021831916801,4.728374617463714,3.8044864169888477,1.5535815107770865,9.11085147347544,4.248495242049359
2022,5,#11 Police Division,35000256,Police Station,62000,168.0,908401.7300000001,19045.19,0.038,17.93232837419355,1.1468560601612905,2.8866051383156646,0.13702433782365334,11.03488966402723,5.123963979403259
2022,5,#12 Police Division,35000257,Police Station,25780,168.0,586382.8099999999,17215.1,0.038,29.877427385570208,2.1471200108611326,3.397103258350798,0.7641274143354582,10.157354276493178,5.123963979403259
2022,5,#13 Police Division,35000258,Police Station,20344,168.0,455611.2,36111.2,0.038,41.352674793550925,4.26085532835234,3.722137106041476,1.4494699214307771,9.920541307101956,5.123963979403259
2022,5,#14 Police Division,35000259,Police Station,64200,168.0,1057064.54,47540.54000000001,0.038,24.3737929470405,2.048190496261683,3.1935084955363338,0.7169567186043393,11.069758489678053,5.123963979403259
2022,5,#51 Police Division,35000268,Police Station,56000,168.0,1189252.91,0.0,0.038,21.236659107142856,0.8069930460714284,3.0557288914945757,-0.21444022776117563,10.933106969717286,5.123963979403259
2022,5,#52 Police Division,35000269,Police Station,71677,168.0,957428.69,52481.10000000001,0.038,21.177321009528857,1.914121452069702,3.0529308453709043,0.6492587455994773,11.179925194094393,5.123963979403259
2022,5,#53 Police Division,35000270,Police Station,52183,168.0,665501.9300000002,73125.18999999999,0.038,27.719352264147325,3.1765625458482645,3.3221308069544353,1.1557996517079243,10.862512050330492,5.123963979403259
2022,5,#55 Police Division,35000272,Police Station,23519,168.0,475170.75,21260.02,0.038,29.85789207024108,2.5042300659041627,3.39644919585633,0.9179813283719003,10.065563884101888,5.123963979403259
2022,5,175 Memorial Park Ave,34999089,Office,6394,70.0,63931.24999999999,9971.890000000001,0.038,26.65483816077573,3.375881793869253,3.2829706786290447,1.2166565624563972,8.763115329619787,4.248495242049359
2022,5,275 Merton St,34999096,Office,66747,70.0,291538.2,37058.60999999999,0.038,10.297453890062473,1.2325354159737514,2.3318966695382697,0.20907336159184475,11.108664631432267,4.248495242049359
2022,5,50 Richmond St. E,35000112,Office,13800,100.0,37604.19,11719.95,0.038,11.79516347826087,1.7349987804347828,2.4676895727263597,0.551006710479142,9.532423871145296,4.605170185988092
2022,5,51 Lisgar,34999099,Office,10053,70.0,114724.34,11400.35,0.038,23.523334129115685,2.6121155147717103,3.157992870174118,0.9601604350809096,9.215626376405421,4.248495242049359
2022,5,53 Strachan Ave,34999100,Office,49213,100.0,91040.24,15935.01,0.038,5.308071989108568,0.6923106360108101,1.6692286787571504,-0.36772052811874256,10.8039130952207,4.605170185988092
2022,5,Annette Community Recreation Centre,34999449,Recreation,20774,100.0,270587.87,0.0,0.038,13.025313853855781,0.4949619264465197,2.5668946836144393,-0.7032744356413119,9.941457483787756,4.605170185988092
2022,5,Annette Street Library,35000296,Library,7806,70.0,205630.17,11312.01,0.038,41.819425672559575,3.7848216333589546,3.7333609605862317,1.330998761171075,8.96264794774056,4.248495242049359
2022,5,Archives and Records Centre,34999102,Office,39590,70.0,465899.29,46984.72,0.038,24.442942652184893,2.7269972250568326,3.1963415301727425,1.0032010862820142,10.586331840100176,4.248495242049359
2022,5,Armour Heights Community Centre,34999191,Community Center,19773,100.0,164319.03,20595.81,0.038,19.43469786071916,2.316728576847216,2.9670600180407742,0.8401560943704584,9.892072649720829,4.605170185988092
2022,5,Beaches Employment & Social Services,34999105,Office,25327,70.0,213720.38,31425.34,0.038,21.690015051131205,2.7042070746634033,3.0768520187588377,0.994808736115196,10.13962629934515,4.248495242049359
2022,5,Beaches Library,35000299,Library,8000,70.0,98454.41,10401.13,0.038,26.1923098,2.96522978875,3.265465848597924,1.0869545298682715,8.987196820661973,4.248495242049359
2022,5,Beaches Recreation Centre,34999451,Recreation,14445,100.0,142019.63,0.0,0.038,9.831750086535134,0.37360650328833506,2.2856169535654915,-0.9845521656902598,9.578103612900335,4.605170185988092
2022,5,Bloor Gladstone Library,35000302,Library,20627,70.0,236092.0,27068.08000000001,0.038,25.46075989722209,2.9557995675570865,3.2371384393932865,1.0837691954951534,9.934356176198595,4.248495242049359
2022,5,Centre Island Police Division,35000273,Police Station,1001,168.0,19932.86,0.0,0.038,19.912947052947054,0.756691988011988,2.9913701258540586,-0.2787989934016929,6.90875477931522,5.123963979403259
2022,5,Chaplin Crescent Storage,34999107,Office,18299,70.0,156792.98,15969.4,0.038,17.888746488879175,2.0020411301164,2.8841718273675703,0.6941672251956795,9.814601692527686,4.248495242049359
2022,5,Church Isabella Resident Coop,34999199,Community Center,19106,100.0,825.2000000000002,0.0,0.038,0.043190620747409196,0.0016412435884015496,-3.142131919632857,-6.412301038888608,9.857757700829954,4.605170185988092
2022,5,City Hall,34999109,Office,780061,70.0,9516779.120000001,5111.919999999999,0.038,12.270033273808076,0.47619045802828247,2.5071599705209424,-0.7419373828699849,13.567127400736117,4.248495242049359
2022,5,City Hall Ancillary Office Building,34999110,Office,14768,70.0,136867.12,15469.18,0.038,20.454899945828817,2.3643855186890574,3.0182224599408394,0.8605181652196042,9.600217956742634,4.248495242049359
2022,5,College Shaw Library,35000309,Library,7684,70.0,67450.73,9952.569999999996,0.038,22.61116314419572,2.8217093584070785,3.118443728761284,1.0373428567755074,8.946895523888447,4.248495242049359
2022,5,Danforth Coxwell Library,35000310,Library,9617,70.0,123978.08,9517.66,0.038,23.46123414786316,2.391035863574919,3.155349448314938,0.871726687767679,9.171287644712482,4.248495242049359
2022,5,Davenport 1347,34999201,Community Center,2282,100.0,4844.639999999999,4729.88,0.038,24.259315687992988,4.062311919368975,3.1888006956981574,1.4017522498134134,7.732807530422021,4.605170185988092
2022,5,Davenport Library,35000311,Library,3604,100.0,85632.49,0.0,0.038,23.76040233074362,0.9028952885682575,3.168020427463186,-0.10214869179256546,8.189799618728228,4.605170185988092
2022,5,David Appleton Community Centre,34999202,Community Center,2906,100.0,39852.94,6361.139999999999,0.038,37.09219380591878,4.726139593943565,3.613406537930228,1.5531087157689443,7.974532844130228,4.605170185988092
2022,5,Deer Park Library,35000313,Library,16558,70.0,272218.79,28355.77,0.038,34.72994405121391,3.9144672176591375,3.5476022557905016,1.3646792327386426,9.71462464769875,4.248495242049359
2022,5,Dufferin Employment & Social Services,34999111,Office,27894,100.0,153309.48,26645.38,0.038,15.698076231447626,2.0438637420233743,2.753538171817664,0.7148420077042416,10.23616689091864,4.605170185988092
2022,5,Dufferin St Clair Library,35000316,Library,11208,70.0,100971.1,20299.88,0.038,28.352410635260526,3.8216426909350467,3.3447120577849323,1.3406803539897316,9.324383088016843,4.248495242049359
2022,5,East York Civic Centre,34999114,Office,67544,70.0,1134009.67,60228.86,0.038,26.312535455406845,2.350941719767855,3.2700454589155865,0.854815979700626,11.120534516349336,4.248495242049359
2022,5,East York Community Centre,34999454,Recreation,31000,100.0,369223.9300000001,95220.86,0.038,44.715571445161295,6.353218754838711,3.8003217954360706,1.8489615750047756,10.341742483467284,4.605170185988092
2022,5,Eastview Neighbourhood C.C.,34999208,Community Center,25510,100.0,309547.73,36242.3,0.038,27.3075458251666,3.190288986279891,3.3071630678506634,1.160111504003919,10.146825811135857,4.605170185988092
2022,5,Evelyn Gregory Library,35000321,Library,6200,70.0,79005.5,12109.63,0.038,33.60263683870968,4.236259391935484,3.514604541232523,1.4436806609766153,8.732304571033183,4.248495242049359
2022,5,Fairbank Memorial Community Centre,34999214,Community Center,19364,100.0,246162.03,23962.77,0.038,25.928755091923154,2.8602891091716587,3.2553525880595577,1.0509227068457598,9.871170951059584,4.605170185988092
2022,5,Fairmount Park Community Centre,34999456,Recreation,4359,100.0,5213.620000000001,0.0,0.038,1.1960587290662998,0.04545023170451939,0.17903175889333486,-3.0911373603624166,8.379997952238393,4.605170185988092
2022,5,Fire Academy,34999302,Fire Station,61214,168.0,752036.1900000001,132589.79,0.038,35.41828907112752,4.62773812869605,3.5672283271543432,1.5320682236112253,11.022131200509191,5.123963979403259
2022,5,Fire Station 131,34999315,Fire Station,5845,168.0,51001.13,10114.47,0.038,27.206786928999144,3.655763868263473,3.3034664616256495,1.2963050640507576,8.67334187390617,5.123963979403259
2022,5,Fire Station 132,34999316,Fire Station,7664,168.0,85593.52,14299.82,0.038,31.095458977035488,4.008677972338204,3.43706179492402,1.388461504252509,8.944289319650697,5.123963979403259
2022,5,Fire Station 134,34999318,Fire Station,7126,168.0,44105.04000000001,10661.6,0.038,22.168246982879598,3.1093074824586022,3.098660948913246,1.1344000269448962,8.871505346165781,5.123963979403259
2022,5,Fire Station 135,34999319,Fire Station,12718,168.0,147926.74,17795.0,0.038,26.57472401320962,3.1298483346438117,3.279960538970308,1.140984547992698,9.450773591827353,5.123963979403259
2022,5,Fire Station 135 - OLD,34999320,Fire Station,10592,168.0,16894.65,2591.95,0.038,4.208523036253776,0.5306960583459214,1.4371117633990242,-0.6335658164494308,9.26785427817679,5.123963979403259
2022,5,Fire Station 224,34999335,Fire Station,3767,168.0,69782.08,9787.68,0.038,46.27409142553756,5.695209004512876,3.834582224026668,1.7396252958768053,8.23403420769204,5.123963979403259
2022,5,Fire Station 226,34999337,Fire Station,11808,168.0,55022.76,22134.65,0.038,24.679947662601624,3.7780765184620604,3.20599107839481,1.3292150225698367,9.376532546840254,5.123963979403259
2022,5,Fire Station 227,34999338,Fire Station,10484,168.0,69102.31000000001,14554.23,0.038,21.41753971766501,2.917260931896223,3.0642101993035085,1.0706451390262977,9.257605564443297,5.123963979403259
2022,5,Fire Station 311,34999349,Fire Station,12755,168.0,56349.7,13446.5,0.038,15.676857702861623,2.1930235280282244,2.7521855932359647,0.7852811980732399,9.453678630575912,5.123963979403259
2022,5,Fire Station 312,34999350,Fire Station,9806,168.0,103191.51,21423.36,0.038,33.85610797470936,4.596731790740364,3.522119425464839,1.525345570710496,9.190749722211178,5.123963979403259
2022,5,Fire Station 313,34999351,Fire Station,12099,168.0,102394.54,22222.18,0.038,28.078967055128523,3.84988844532606,3.3350207926949755,1.3480441726399182,9.400878083541478,5.123963979403259
2022,5,Fire Station 314,34999352,Fire Station,11937,168.0,46513.27,21979.44,0.038,23.561505336349164,3.6851812431934317,3.159614250475255,1.3043197084734415,9.387398099095039,5.123963979403259
2022,5,Fire Station 315,34999353,Fire Station,7244,168.0,43110.79,18641.93,0.038,33.4354779679735,5.1697070057979015,3.509617550841882,1.6428160149217508,8.887928819003305,5.123963979403259
2022,5,Fire Station 322,34999355,Fire Station,7535,168.0,70002.98999999999,14196.37,0.038,29.412106383543463,3.9723079482415398,3.381406371338976,1.3793472729464153,8.927314111060596,5.123963979403259
2022,5,Fire Station 323,34999356,Fire Station,10236,168.0,62056.39999999999,24797.02,0.038,31.93518694802657,4.884058091051192,3.4637084410132197,1.585976450332349,9.23366619727968,5.123963979403259
2022,5,Fire Station 324,34999357,Fire Station,13153,168.0,62878.09,20629.83,0.038,21.53156499657873,3.194652995514332,3.069519997846424,1.1614784733284438,9.48440514846878,5.123963979403259
2022,5,Fire Station 325,34999358,Fire Station,10129,168.0,127652.67,23026.21,0.038,36.88148808372001,4.845902939085794,3.607709747216029,1.5781335931152916,9.223157875686796,5.123963979403259
2022,5,Fire Station 331,34999359,Fire Station,10979,168.0,83117.99,59789.28,0.038,65.73162404590582,10.74903820930868,4.185580149803902,2.3748162816695726,9.303739636234733,5.123963979403259
2022,5,Fire Station 332,34999360,Fire Station,24865,168.0,266429.36,68016.55999999998,0.038,39.92946795897848,5.661939571284937,3.6871145966432217,1.7337665139525948,10.12121647114884,5.123963979403259
2022,5,Fire Station 333,34999361,Fire Station,12723,168.0,139406.88,30073.75,0.038,36.20172365008253,4.957096218659121,3.589106732341348,1.6008201295135829,9.4511666581427,5.123963979403259
2022,5,Fire Station 334/TPS Station #36,34999362,Fire Station,13003,168.0,387433.05,20217.6,0.038,46.40137029916173,4.119085249557794,3.8373289911056596,1.4156311119034741,9.47293537905132,5.123963979403259
2022,5,Fire Station 335/TPS Station #59,34999363,Fire Station,4402,168.0,74514.90999999999,6841.839999999999,0.038,33.52697891867332,3.6289734711494774,3.5123504555739964,1.2889498179670895,8.389814262086407,5.123963979403259
2022,5,Fire Station 341,34999364,Fire Station,9268,168.0,67738.31999999999,21557.83000000001,0.038,32.15105140267588,4.7460776424255515,3.470445153187026,1.5573185174300195,9.134322885552267,5.123963979403259
2022,5,Fire Station 342,34999365,Fire Station,3057,168.0,28246.03,9940.960000000001,0.038,43.96973595027805,6.597950049067713,3.783501577950172,1.8867590021605323,8.025189321890835,5.123963979403259
2022,5,Fire Station 343,34999366,Fire Station,9827,168.0,52334.88,20559.44,0.038,27.669654950646176,4.22137068077745,3.3203363235601193,1.4401598811813465,9.192888978362427,5.123963979403259
2022,5,Fire Station 344,34999367,Fire Station,11238,168.0,75779.47,20050.56,0.038,25.798135860473394,3.6836399377113365,3.2503022358471405,1.3039013768389143,9.327056171672144,5.123963979403259
2022,5,Fire Station 345,34999368,Fire Station,12809,168.0,119062.22,28407.84,0.038,32.981337434616286,4.6136173784058085,3.4959418692084268,1.5290122300897175,9.457903327831136,5.123963979403259
2022,5,Fire Station 421,34999373,Fire Station,9461,168.0,104004.45,22985.2,0.038,36.93968777084875,5.084741390973471,3.6092865224031785,1.6262441709748945,9.154933364704444,5.123963979403259
2022,5,Fire Station 422,34999374,Fire Station,7944,168.0,56574.13,13910.34,0.038,25.822829959718025,3.634388227593152,3.2512589828097727,1.29044079629678,8.980172205725008,5.123963979403259
2022,5,Fire Station 423,34999375,Fire Station,12335,168.0,107296.21,28432.87,0.038,33.31651897851642,4.758556890960682,3.5060533394075364,1.5599444481088258,9.420196028963456,5.123963979403259
2022,5,Fire Station 424,34999376,Fire Station,5866,168.0,28813.85,6978.610000000001,0.038,17.61769601091033,2.4720143385612,2.868903852077984,0.9050333399674572,8.676928249537397,5.123963979403259
2022,5,Fire Station 425,34999377,Fire Station,7955,168.0,63456.95,6116.39,0.038,16.18856005028284,1.7801319032055312,2.7843048230474183,0.5766874644829634,8.981555940771887,5.123963979403259
2022,5,Fire Station 426,34999378,Fire Station,12486,168.0,147435.48,28583.56,0.038,36.25724017299376,4.84635327566875,3.5906390902676932,1.5782265202053936,9.43236329562169,5.123963979403259
2022,5,Fire Station 442,34999385,Fire Station,15479,168.0,184328.3,17412.99,0.038,23.922671567930745,2.6135298914658573,3.174826610468356,0.9607017564369269,9.647239545573877,5.123963979403259
2022,5,Fire Warehouse & Mechanical Building,34999390,Fire Station,23002,168.0,158317.47,25430.71,0.038,18.690437909746976,2.3853776962872795,2.9280120513560166,0.869357475025351,10.043336447652527,5.123963979403259
2022,5,"Forensic Service, Store & Garage",35000277,Police Station,62484,168.0,1277923.12,166530.46,0.038,48.91601742526087,5.896967099097369,3.8901048975553056,1.7744381677417158,11.0426658029509,5.123963979403259
2022,5,Forest Hill Community Centre,34999218,Community Center,32841,100.0,375633.31,37554.93,0.038,23.650923004780612,2.631378042995037,3.1634021418626657,0.967507679685494,10.399433013772667,4.605170185988092
2022,5,Former Hydro Building,34999119,Office,22497,70.0,238865.46,30137.04,0.038,24.924614268569144,2.9768476383517806,3.2158558400438655,1.0908649011309668,10.021137245969499,4.248495242049359
2022,5,Fort York Library,35000323,Library,16008,70.0,321316.8100000001,10171.83,0.038,26.858567866066974,1.9833910675912045,3.2905848712099846,0.6848080401756004,9.68084387626357,4.248495242049359
2022,5,Frankland Community Centre,34999457,Recreation,15308,100.0,18284.86,0.0,0.038,1.1944643323752286,0.04538964463025869,0.17769782745949325,-3.092471291796258,9.636130846545592,4.605170185988092
2022,5,Gerrard Ashdale Library,35000324,Library,6504,70.0,49373.47,7774.350000000002,0.038,20.357246002460027,2.5846737715252157,3.013436917428066,0.9495992994259143,8.780172651227646,4.248495242049359
2022,5,Glenlong Community Centre,34999405,Recreation,10236,100.0,294158.45,35798.72,0.038,66.08917346619774,7.810410533411488,4.191004943218619,2.0554575275676,9.23366619727968,4.605170185988092
2022,5,Harrison Pool,34999459,Recreation,15263,100.0,163162.22,61504.75,0.038,53.72685251916399,8.147204947258075,3.983912923444831,2.0976749171748623,9.633186877915122,4.605170185988092
2022,5,Harwood Hall,34999220,Community Center,4306,100.0,12843.51,8205.01,0.038,23.33325982350209,3.7737755666511843,3.1498798029549477,1.3280759768821258,8.367764677924308,4.605170185988092
2022,5,Health Office - Jane Street Clinic,34999121,Office,2540,70.0,6924.900000000001,965.2500000000001,0.038,6.784948818897638,0.8336186811023623,1.9147067499861103,-0.18197919808255208,7.8399193600125825,4.248495242049359
2022,5,High Park Forest School,34999221,Community Center,9181,100.0,52834.53000000001,31798.64999999999,0.038,42.745246922993125,6.872118373815487,3.7552580061135914,1.9274724100597151,9.1248914101437,4.605170185988092
2022,5,High Park Library,35000327,Library,8850,70.0,107223.88,15297.27,0.038,30.57612696045198,3.7808545887005653,3.4202195397803736,1.3299500657457037,9.088172738001974,4.248495242049359
2022,5,High Park Nature Centre,34999222,Community Center,2465,100.0,9830.310000000001,0.0,0.038,3.9879553752535504,0.1515423042596349,1.383278662281106,-1.8868904569746452,7.80994708647679,4.605170185988092
2022,5,High Park Office,34999122,Office,2228,100.0,9740.04,0.0,0.038,4.37165170556553,0.16612276481149013,1.4751409023571542,-1.7950282168985972,7.708859601047175,4.605170185988092
2022,5,High Park Training Centre,34999223,Community Center,2874,100.0,18002.16,0.0,0.038,6.263799582463466,0.2380243841336117,1.8347869630399074,-1.4353821562158438,7.96346006663897,4.605170185988092
2023,6,#11 Police Division,35000256,Police Station,62000,168.0,999080.6999999998,30454.23,0.03,21.36019155483871,1.4270160779032257,3.061528981974943,0.3555856053571045,11.03488966402723,5.123963979403259
2023,6,#12 Police Division,35000257,Police Station,25780,168.0,650772.47,12091.77,0.03,30.252621163692787,1.6583190174553917,3.4095828307623837,0.5058044492149685,10.157354276493178,5.123963979403259
2023,6,#13 Police Division,35000258,Police Station,20344,168.0,536722.34,31438.42,0.03,42.886584034604795,3.760070537750688,3.7585590505587643,1.3244377172659123,9.920541307101956,5.123963979403259
2023,6,#14 Police Division,35000259,Police Station,64200,168.0,1247566.41,34123.53000000001,0.03,25.10912321495327,1.604023262149533,3.2232312547961457,0.47251501192615186,11.069758489678053,5.123963979403259
2023,6,#51 Police Division,35000268,Police Station,56000,168.0,1302388.21,88771.45999999999,0.03,40.186917907142856,3.742886088571428,3.6935415174672546,1.31985699526962,10.933106969717286,5.123963979403259
2023,6,#52 Police Division,35000269,Police Station,71677,168.0,1018369.37,57022.81,0.03,22.704256327692285,1.9544888752319434,3.122552410333355,0.6701287143605081,11.179925194094393,5.123963979403259
2023,6,#53 Police Division,35000270,Police Station,52183,168.0,672026.7,64468.51999999999,0.03,26.072676802790173,2.7596119027269412,3.2608879001884428,1.0150900548878423,10.862512050330492,5.123963979403259
2023,6,#55 Police Division,35000272,Police Station,23519,168.0,550453.85,16263.45,0.03,30.78989310770016,2.0305158786513036,3.427186490274006,0.7082898881832294,10.065563884101888,5.123963979403259
2023,6,175 Memorial Park Ave,34999089,Office,6394,70.0,69131.46,9785.460000000001,0.03,27.15673644041289,3.2642809602752587,3.301625134955653,1.183039511913022,8.763115329619787,4.248495242049359
2023,6,275 Merton St,34999096,Office,66747,70.0,367752.09,81317.32,0.03,18.52099821115556,2.5056277348794707,2.9189051268560027,0.9185392959099611,11.108664631432267,4.248495242049359
2023,6,50 Richmond St. E,35000112,Office,13800,100.0,47280.19,12281.24,0.03,12.930712550724637,1.812367227536232,2.5596052995967296,0.5946338512903907,9.532423871145296,4.605170185988092
2023,6,51 Lisgar,34999099,Office,10053,70.0,106668.31,6478.37,0.03,17.49301716900428,1.5562516731323985,2.8618017823861974,0.4422801563354585,9.215626376405421,4.248495242049359
2023,6,Annette Community Recreation Centre,34999449,Recreation,20774,100.0,322548.03,0.0,0.03,15.526524983152019,0.4657957494945605,2.7425498505737598,-0.7640080467462221,9.941457483787756,4.605170185988092
2023,6,Annette Street Library,35000296,Library,7806,70.0,174980.89,8117.16,0.03,33.52192656930566,2.6700603458877787,3.5121997491801946,0.982101073612846,8.96264794774056,4.248495242049359
2023,6,Archives and Records Centre,34999102,Office,39590,70.0,483109.5899999999,38189.86,0.03,22.50510974488507,2.219146470320788,3.1137423831997944,0.7971226491270866,10.586331840100176,4.248495242049359
2023,6,Armour Heights Community Centre,34999191,Community Center,19773,100.0,182173.11,20756.63,0.03,20.424514155666817,2.2929590618520206,3.016735853714899,0.8298431501847822,9.892072649720829,4.605170185988092
2023,6,Atlantic Ave Storage Bldg,34999103,Office,43002,70.0,102624.69,36159.22,0.03,11.367033151946421,1.6869122905911353,2.430717337208319,0.5228998108613956,10.669001905221974,4.248495242049359
2023,6,Beaches Employment & Social Services,34999105,Office,25327,70.0,227355.11,32242.78,0.03,22.57306433450468,2.7148510948789832,3.1167573518618226,0.9987371065333969,10.13962629934515,4.248495242049359
2023,6,Beaches Library,35000299,Library,8000,70.0,100202.68,9914.689999999999,0.03,25.761446149999998,2.7565249862499996,3.248879039023752,1.0139708234904659,8.987196820661973,4.248495242049359
2023,6,Beaches Recreation Centre,34999451,Recreation,14445,100.0,173377.79,0.0,0.03,12.00261613014884,0.36007848390446523,2.485124636872826,-1.0214332604471557,9.578103612900335,4.605170185988092
2023,6,Bloor Gladstone Library,35000302,Library,20627,70.0,248468.36,27228.97,0.03,26.144071343384883,2.897217344742328,3.26362244753651,1.063750740047031,9.934356176198595,4.248495242049359
2023,6,Centre Island Police Division,35000273,Police Station,1001,168.0,22646.60999999999,0.0,0.03,22.623986013986002,0.67871958041958,3.119010671520283,-0.3875472257996986,6.90875477931522,5.123963979403259
2023,6,Chaplin Crescent Storage,34999107,Office,18299,70.0,158788.61,18917.12,0.03,19.718206000327886,2.2462126793813866,2.9815423714219347,0.8092455443449468,9.814601692527686,4.248495242049359
2023,6,Church Isabella Resident Coop,34999199,Community Center,19106,100.0,901.7900000000002,0.0,0.03,0.047199309117554704,0.0014159792735266412,-3.053376023837697,-6.559933921157679,9.857757700829954,4.605170185988092
2023,6,City Hall,34999109,Office,780061,70.0,10139246.17,4234.46,0.03,13.05599203498188,0.40036841062429734,2.569247188155839,-0.9153701291981218,13.567127400736117,4.248495242049359
2023,6,City Hall Ancillary Office Building,34999110,Office,14768,70.0,167713.03,15280.44,0.03,22.407105173347777,2.3283529347237275,3.10937810380396,0.845161122641196,9.600217956742634,4.248495242049359
2023,6,College Shaw Library,35000309,Library,7684,70.0,77745.41,8705.609999999999,0.03,22.21776741280583,2.4799374167100465,3.1008923026920003,0.908233324660916,8.946895523888447,4.248495242049359
2023,6,Danforth Coxwell Library,35000310,Library,9617,70.0,129173.3,9002.149999999998,0.03,23.428955183529165,2.2011364406779657,3.1539726584195193,0.7889737909355742,9.171287644712482,4.248495242049359
2023,6,Davenport 1347,34999201,Community Center,2282,100.0,6560.360000000001,4560.25,0.03,24.2172787028922,3.92508810254163,3.1870663743760512,1.3673887974898744,7.732807530422021,4.605170185988092
2023,6,Davenport Library,35000311,Library,3604,100.0,104432.78,0.0,0.03,28.976908990011097,0.869307269700333,3.3664992710939043,-0.14005862622607734,8.189799618728228,4.605170185988092
2023,6,David Appleton Community Centre,34999202,Community Center,2906,100.0,56025.39,5962.53,0.03,41.19243303509979,4.519883630419821,3.7182545752905396,1.508486248030379,7.974532844130228,4.605170185988092
2023,6,Deer Park Library,35000313,Library,16558,70.0,288079.16,37654.97,0.03,41.68584609252325,4.8905406552723765,3.73016164894634,1.5873028608254767,9.71462464769875,4.248495242049359
2023,6,Dufferin Employment & Social Services,34999111,Office,27894,100.0,193494.62,27551.10999999999,0.03,17.485497770129772,2.105489385172438,2.8613718385190308,0.7445479271312112,10.23616689091864,4.605170185988092
2023,6,Dufferin St Clair Library,35000316,Library,11208,70.0,104820.4,23321.09,0.03,31.574736009992858,4.27769681388294,3.452357307472953,1.4534147371536412,9.324383088016843,4.248495242049359
2023,6,East York Civic Centre,34999114,Office,67544,70.0,1339578.62,71960.05,0.03,31.21094329622172,2.6415760785562004,3.440768779991975,0.9713757384780509,11.120534516349336,4.248495242049359
2023,6,East York Community Centre,34999454,Recreation,31000,100.0,436455.74,91100.74,0.03,45.46489171612903,6.067683669032259,3.816940417477669,1.8029769291175721,10.341742483467284,4.605170185988092
2023,6,Eastview Neighbourhood C.C.,34999208,Community Center,25510,100.0,456610.42,39346.31,0.03,34.37197219913759,3.4999049043512347,3.5372414706277002,1.2527357979408904,10.146825811135857,4.605170185988092
2023,6,Evelyn Gregory Library,35000321,Library,6200,70.0,96052.90000000001,8804.25,0.03,30.658433870967745,3.1926695564516128,3.422907791609586,1.1608574183839548,8.732304571033183,4.248495242049359
2023,6,Fairbank Memorial Community Centre,34999214,Community Center,19364,100.0,282627.8,24766.2,0.03,28.25505143565379,2.894789516628796,3.341272253489061,1.0629124025540575,9.871170951059584,4.605170185988092
2023,6,Fairmount Park Community Centre,34999456,Recreation,4359,100.0,5454.17,0.0,0.03,1.251243404450562,0.037537302133516866,0.22413778046501864,-3.2824201168549627,8.379997952238393,4.605170185988092
2023,6,Fire Academy,34999302,Fire Station,61214,168.0,780541.19,132206.97,0.03,35.81715995687261,4.531411524651224,3.578427106969754,1.5110334858050956,11.022131200509191,5.123963979403259
2023,6,Fire Station 131,34999315,Fire Station,5845,168.0,55771.79,10555.26,0.03,28.828394662104362,3.755313628742515,3.3613608272038236,1.32317180469563,8.67334187390617,5.123963979403259
2023,6,Fire Station 132,34999316,Fire Station,7664,168.0,91576.49999999997,15565.73,0.03,33.6402004697286,4.260055105688935,3.515721794353596,1.449282095805346,8.944289319650697,5.123963979403259
2023,6,Fire Station 134,34999318,Fire Station,7126,168.0,51521.19000000001,11516.7,0.03,24.490534100477127,3.3215291046870616,3.19828667964734,1.200425250597808,8.871505346165781,5.123963979403259
2023,6,Fire Station 135,34999319,Fire Station,12718,168.0,150557.04,19319.12,0.03,28.061428023274097,3.273214398490328,3.3343959651567814,1.1857724985647287,9.450773591827353,5.123963979403259
2023,6,Fire Station 135 - OLD,34999320,Fire Station,10592,168.0,17719.66,0.0,0.03,1.6729286253776434,0.0501878587613293,0.5145757584392863,-2.9919821388806955,9.26785427817679,5.123963979403259
2023,6,Fire Station 224,34999335,Fire Station,3767,168.0,69942.99,10310.23,0.03,47.79831335280064,5.814770780461906,3.8669903533685996,1.7604013665284992,8.23403420769204,5.123963979403259
2023,6,Fire Station 226,34999337,Fire Station,11808,168.0,54211.06,21730.91,0.03,24.2460347899729,3.673053007283198,3.1882530901981,1.3010231983378602,9.376532546840254,5.123963979403259
2023,6,Fire Station 227,34999338,Fire Station,10484,168.0,71278.23,15312.68,0.03,22.397715795497902,3.0097296051125526,3.1089589802460798,1.1018502425371108,9.257605564443297,5.123963979403259
2023,6,Fire Station 311,34999349,Fire Station,12755,168.0,54608.35,13449.14,0.03,15.542545292042336,2.1539826295570363,2.7435811212341457,0.767318514429181,9.453678630575912,5.123963979403259
2023,6,Fire Station 312,34999350,Fire Station,9806,168.0,91537.64,26704.86,0.03,38.41990055068326,5.511540409953091,3.648575568859269,1.706844150328146,9.190749722211178,5.123963979403259
2023,6,Fire Station 313,34999351,Fire Station,12099,168.0,93549.49,27522.82,0.03,32.026878882552275,4.601853204397058,3.4665755153062365,1.5264590928856097,9.400878083541478,5.123963979403259
2023,6,Fire Station 314,34999352,Fire Station,11937,168.0,51854.67000000001,21510.58,0.03,23.589483488313647,3.5919799179023206,3.1608009978137743,1.2787035596398928,9.387398099095039,5.123963979403259
2023,6,Fire Station 315,34999353,Fire Station,7244,168.0,47457.92,18003.32,0.03,33.09406096079514,4.970750320265046,3.4993538391177275,1.6035707985859757,8.887928819003305,5.123963979403259
2023,6,Fire Station 322,34999355,Fire Station,7535,168.0,73911.66,14790.36,0.03,30.772754452554747,4.06498093696085,3.426629702797593,1.4024090534342515,8.927314111060596,5.123963979403259
2023,6,Fire Station 323,34999356,Fire Station,10236,168.0,105142.88,30383.82,0.03,41.97363008987886,6.010316981242672,3.7370415660969925,1.793477489459563,9.23366619727968,5.123963979403259
2023,6,Fire Station 324,34999357,Fire Station,13153,168.0,60410.89000000001,18528.74,0.03,19.63794063711701,2.8439166912491447,2.9774634418846526,1.0451822187022277,9.48440514846878,5.123963979403259
2023,6,Fire Station 325,34999358,Fire Station,10129,168.0,157333.22,23963.68,0.03,40.80020953697305,5.010783481093888,3.708687217107052,1.61159228632203,9.223157875686796,5.123963979403259
2023,6,Fire Station 331,34999359,Fire Station,10979,168.0,90504.67,67689.4,0.03,74.08939448037161,12.090944302759812,4.305272397637328,2.492456767677473,9.303739636234733,5.123963979403259
2023,6,Fire Station 332,34999360,Fire Station,24865,168.0,273280.51,67789.16,0.03,40.107329129298215,5.566917018298814,3.6915590889160783,1.7168414030904215,10.12121647114884,5.123963979403259
2023,6,Fire Station 333,34999361,Fire Station,12723,168.0,113414.96,34339.87,0.03,37.73990187848778,5.452278477560324,3.6307179400029432,1.6960335905856656,9.4511666581427,5.123963979403259
2023,6,Fire Station 334/TPS Station #36,34999362,Fire Station,13003,168.0,360844.7000000001,29810.23999999999,0.03,52.235488979466275,5.23654633853726,3.955762129391751,1.6556621853348985,9.47293537905132,5.123963979403259
2023,6,Fire Station 335/TPS Station #59,34999363,Fire Station,4402,168.0,104632.08,6925.27,0.03,40.571095774647894,3.735212646524307,3.703055886334698,1.317804750437842,8.389814262086407,5.123963979403259
2023,6,Fire Station 341,34999364,Fire Station,9268,168.0,70649.6,21777.79,0.03,32.718644497194646,4.742622204359085,3.487945083529058,1.5565901904147257,9.134322885552267,5.123963979403259
2023,6,Fire Station 342,34999365,Fire Station,3057,168.0,30263.91,11164.83,0.03,48.90555917566241,7.312906683022571,3.8898910745930984,1.989640825783848,8.025189321890835,5.123963979403259
2023,6,Fire Station 343,34999366,Fire Station,9827,168.0,45584.47000000001,21077.57,0.03,27.545834700315456,4.259442970387707,3.3158513336173168,1.4491383936067388,9.192888978362427,5.123963979403259
2023,6,Fire Station 344,34999367,Fire Station,11238,168.0,76901.33000000002,27097.9,0.03,32.59538191849084,4.837347019042535,3.4841706193960875,1.5763664338853165,9.327056171672144,5.123963979403259
2023,6,Fire Station 345,34999368,Fire Station,12809,168.0,115854.16,29593.66,0.03,33.71960721367788,4.709582766804591,3.5180794845983696,1.5495993195619342,9.457903327831136,5.123963979403259
2023,6,Fire Station 421,34999373,Fire Station,9461,168.0,101579.47,25870.44000000001,0.03,39.94036245639997,5.574939154423425,3.6873874029690246,1.7182814032818574,9.154933364704444,5.123963979403259
2023,6,Fire Station 422,34999374,Fire Station,7944,168.0,56370.58000000001,16326.54,0.03,29.04557240684794,4.16092657854985,3.3688660588367365,1.425737784699693,8.980172205725008,5.123963979403259
2023,6,Fire Station 423,34999375,Fire Station,12335,168.0,111169.94,32831.62,0.03,37.43912781516011,5.383432526955817,3.6227163558027926,1.6833261868907021,9.420196028963456,5.123963979403259
2023,6,Fire Station 424,34999376,Fire Station,5866,168.0,37644.6,15179.16,0.03,34.05353371974088,5.163399993181043,3.527933807526161,1.6415952759125236,8.676928249537397,5.123963979403259
2023,6,Fire Station 425,34999377,Fire Station,7955,168.0,67440.11,6817.63,0.03,17.630722614707732,1.9006751137649278,2.8696429833581028,0.6422091460942877,8.981555940771887,5.123963979403259
2023,6,Fire Station 426,34999378,Fire Station,12486,168.0,166290.7,26685.16,0.03,36.14353746596188,4.505118801858081,3.587498162663959,1.5052142618242612,9.43236329562169,5.123963979403259
2023,6,Fire Station 442,34999385,Fire Station,15479,168.0,215922.47,18949.09,0.03,27.023628864913753,2.7701321784352997,3.2967116264347913,1.0188950369074654,9.647239545573877,5.123963979403259
2023,6,Fire Warehouse & Mechanical Building,34999390,Fire Station,23002,168.0,139645.31,25740.49000000001,0.03,18.022508616642035,2.331833779236589,2.8916214554011868,0.8466549877474008,10.043336447652527,5.123963979403259
2023,6,"Forensic Service, Store & Garage",35000277,Police Station,62484,168.0,1475027.76,174613.46,0.03,53.45207593623967,6.076488212342359,3.9787854755613674,1.8044269324506508,11.0426658029509,5.123963979403259
2023,6,Forest Hill Community Centre,34999218,Community Center,32841,100.0,368630.1899999999,63160.6,0.03,31.764726957157205,4.031254173137237,3.458356458967944,1.3940775367582436,10.399433013772667,4.605170185988092
2023,6,Forestry W District Office,34999118,Office,8999,70.0,25933.1,0.0,0.03,2.881775752861429,0.08645327258584286,1.0584066849946416,-2.44815121232534,9.104868739033948,4.248495242049359
2023,6,Former Hydro Building,34999119,Office,22497,70.0,292650.25,37647.73,0.03,30.880917740143133,3.6049605205138464,3.4301384442791787,1.2823108193631727,10.021137245969499,4.248495242049359
2023,6,Fort York Library,35000323,Library,16008,70.0,367309.83,11905.18,0.03,30.888127961019492,2.1170130984507747,3.4303719016955028,0.7500061794036743,9.68084387626357,4.248495242049359
2023,6,Frankland Community Centre,34999457,Recreation,15308,100.0,20703.86,0.0,0.03,1.3524862816827803,0.04057458845048341,0.3019445887538103,-3.2046133085661714,9.636130846545592,4.605170185988092
2023,6,Gerrard Ashdale Library,35000324,Library,6504,70.0,64851.44,7599.33,0.03,22.449613222632227,2.543643316420664,3.111273385649306,0.933597429838635,8.780172651227646,4.248495242049359
2023,6,Glenlong Community Centre,34999405,Recreation,10236,100.0,381762.6900000001,45946.92,0.03,85.23600973036343,9.741785269636578,4.445423993961574,2.2764243934289032,9.23366619727968,4.605170185988092
2023,6,Harrison Pool,34999459,Recreation,15263,100.0,178583.34,56432.97000000001,0.03,51.188328611675296,7.453661506256963,3.935511549256144,2.0087053890059607,9.633186877915122,4.605170185988092
2023,6,Harwood Hall,34999220,Community Center,4306,100.0,15658.01,9458.86,0.03,27.096756804458895,4.328892326985603,3.2994140456117997,1.4653116956593197,8.367764677924308,4.605170185988092
2023,6,Health Office - Jane Street Clinic,34999121,Office,2540,70.0,11843.14,373.35,0.03,6.2324874015748035,0.42224391732283467,1.829775515005559,-0.8621721287909178,7.8399193600125825,4.248495242049359
2023,6,High Park Forest School,34999221,Community Center,9181,100.0,65306.95999999999,18352.1,0.03,28.461756671386556,4.053326750898594,3.348561314979844,1.3995379639126537,9.1248914101437,4.605170185988092
2023,6,High Park Library,35000327,Library,8850,70.0,112662.22,16796.64,0.03,33.00003787570621,4.027820569491525,3.4965087092144946,1.3932254280576486,9.088172738001974,4.248495242049359
2023,6,High Park Nature Centre,34999222,Community Center,2465,100.0,21891.05,0.0,0.03,8.88075050709939,0.2664225152129817,2.183886069998002,-1.32267182732198,7.80994708647679,4.605170185988092
2023,6,High Park Office,34999122,Office,2228,100.0,10580.83,0.0,0.03,4.749026032315978,0.14247078096947935,1.5579395511935648,-1.9486183461264168,7.708859601047175,4.605170185988092
2023,6,High Park Training Centre,34999223,Community Center,2874,100.0,19901.33,0.0,0.03,6.924610299234517,0.2077383089770355,1.935081776011164,-1.5714761213088175,7.96346006663897,4.605170185988092
2023,6,Jane & Dundas Library,35000332,Library,11955,70.0,177336.49,12467.62,0.03,25.971616194061063,2.4483808214136347,3.257004256855741,0.8954269168541635,9.388904879892426,4.248495242049359
2023,6,Jimmie Simpson Recreation Centre,34999411,Recreation,43906,100.0,893430.06,183048.5,0.03,64.87468774199426,8.61930192456612,4.172457528248947,2.1540040981672948,10.689806263983868,4.605170185988092
2023,6,John Innes Community Recreation Centre,34999460,Recreation,28055,100.0,454159.8,66940.09,0.03,41.67100200320799,5.069210725004456,3.7298054912985577,1.6231851299428695,10.241922148185072,4.605170185988092
2023,6,Jones Library,35000334,Library,3636,70.0,87221.62,8828.01,0.03,49.91880275027502,5.383733721122113,3.9103977404056782,1.68338213367548,8.19863945529737,4.248495242049359
2023,6,Joseph J. Piccininni Community Centre,34999461,Recreation,70030,100.0,1033969.76,115252.38,0.03,32.34135625303441,3.6044397369698697,3.4763467905928813,1.2821663458906833,11.156679000649563,4.605170185988092
2023,6,June Rowlands Park,34999227,Community Center,2777,100.0,42054.81999999999,7180.550000000001,0.03,42.75948649621894,5.421491231544833,3.755591077109501,1.690370912580241,7.9291264873067995,4.605170185988092
2023,6,Ledbury Park,34999414,Recreation,5780,100.0,254677.68,19173.75,0.03,79.4901955017301,7.694308676470588,4.375633687032621,2.040480922640324,8.662158961666423,4.605170185988092
2023,6,Lillian H Smith Library,35000337,Library,38935,70.0,1098360.14,73816.72,0.03,48.458269156286114,4.488319592140747,3.880702997793975,1.5014783760550987,10.569648868011086,4.248495242049359
2023,6,Locke Library,35000338,Library,11647,70.0,192353.52,54787.28,0.03,66.75381389198935,9.531808232162788,4.201011432606747,2.2546344407129686,9.362803915102651,4.248495242049359
2023,6,Main Square Community Centre,34999462,Recreation,35123,100.0,504314.28,77118.45999999999,0.03,37.808257631751275,4.6486345147054635,3.6325275346339696,1.5365735237233398,10.466611465513152,4.605170185988092
2023,6,Main Street Library,35000340,Library,8664,70.0,95030.92,9925.03,0.03,23.202936334256695,2.5296526119575256,3.144278836795201,0.9280819857852177,9.066931788680826,4.248495242049359
2023,6,Maple Leaf Cottage,34999232,Community Center,2842,100.0,8452.390000000001,2238.51,0.03,11.386233919774806,1.602304507389163,2.4324050748264447,0.471442910102173,7.952263308657046,4.605170185988092
2023,6,Maria A Shchuka Library,35000341,Library,25475,70.0,296799.31,31964.38,0.03,25.051183057899905,2.759864701864573,3.220921054275949,1.0151816574639265,10.145452858090925,4.248495242049359
2023,6,Markdale Preschool,34999233,Community Center,1829,100.0,23574.39,4337.62,0.03,38.217699070530344,4.942482077638054,3.6432987347636447,1.5978676498826774,7.511524648390866,4.605170185988092
2023,6,Mary McCormick Recreation Centre,34999463,Recreation,43099,100.0,1013547.03,136611.25,0.03,57.36920067750991,6.794510827397388,4.049507585755865,1.9161150549303705,10.671255073966524,4.605170185988092
2023,6,Masaryk-Cowan Community Recreation Centre,34999234,Community Center,32270,100.0,324842.97,41268.25,0.03,23.724446234893087,2.7586488177874187,3.1665060032285637,1.0147410010833635,10.381893285046008,4.605170185988092
2023,6,Matty Eckler Recreation Centre,34999464,Recreation,47383,100.0,493973.6099999999,108115.42,0.03,34.79404629508473,4.695965433172235,3.549446288669405,1.546703721589895,10.766018793563921,4.605170185988092
2023,6,Metro Hall,34999123,Office,787186,70.0,6721038.98,0.0,0.03,8.538057053860207,0.2561417116158062,2.144533470658279,-1.3620244266617025,13.576219840009188,4.248495242049359
2023,6,Mount Dennis Community Centre,34999236,Community Center,3003,100.0,46988.54999999999,5565.309999999999,0.03,35.43991368631368,4.029509493839493,3.5678386902461514,1.393644654863409,8.00736706798333,4.605170185988092
2023,6,Mount Dennis Library,35000346,Library,11350,70.0,160814.81,8585.36,0.03,22.247264740088106,1.8781428070484583,3.102219068025617,0.6302834199868487,9.336973022909548,4.248495242049359
2023,6,Mount Pleasant Library,35000347,Library,5829,70.0,74222.6,14409.38,0.03,39.1344618974095,5.130742319437296,3.66700345725578,1.635250350359102,8.67060073804555,4.248495242049359
2023,6,Niagara C.C,34999238,Community Center,5296,100.0,48146.51999999999,0.0,0.03,9.091110271903322,0.2727333081570996,2.2072970428542233,-1.2992608544657585,8.574707097616844,4.605170185988092
2023,6,North Toronto Memorial Community Centre,34999467,Recreation,74820,100.0,1419098.33,265962.88,0.03,56.93105972199946,7.397589446404704,4.04184105726365,2.0011541966560586,11.222840507902138,4.605170185988092
2023,6,Northern District Library,35000351,Library,117452,70.0,2230577.54,137828.73,0.03,31.52426843646767,2.8240159088819263,3.450757675759921,1.0381599530719006,11.673785018464852,4.248495242049359
2023,6,Oakwood Village Library,35000354,Library,17270,70.0,134836.33,11769.73,0.03,15.086105755645628,1.5434129258830342,2.713774171591518,0.43399614994670954,9.756726171140725,4.248495242049359
2023,6,Old City Hall,34999126,Office,350494,70.0,2399278.67,0.0,0.03,6.845420092783328,0.20536260278349983,1.923579829068074,-1.582978068251908,12.767098866907977,4.248495242049359
2023,6,Palmerston Library,35000355,Library,8493,70.0,245971.05,0.0,0.03,28.961621335217238,0.8688486400565171,3.3659715512824824,-0.1405863460374994,9.04699757378001,4.248495242049359
2023,6,Pam McConnell Aquatic Centre,34999468,Recreation,30505,100.0,882072.3099999999,21521.85,0.03,36.45060376987379,2.222771452220947,3.5959580226487224,0.7987548191798032,10.325645883585953,4.605170185988092
2023,6,Pape Danforth Library,35000356,Library,8175,70.0,124939.04,11422.11,0.03,30.205158996941893,3.1425130899082574,3.4080127375047393,1.1450228269177452,9.008835995765454,4.248495242049359
2023,6,Parkdale Library,35000357,Library,24083,70.0,249584.27,25855.74,0.03,21.829654660964167,2.373309165801603,3.083269350966461,0.8642852537551654,10.089261476380335,4.248495242049359
2023,6,Parliament Library,35000358,Library,14634,70.0,216971.9,18672.36,0.03,28.453786032526992,2.895910930709307,3.3482812284329007,1.0632997180799522,9.591102867443976,4.248495242049359
2023,6,Pelmo Park,34999246,Community Center,2573,100.0,100406.02,10931.65,0.03,84.39799533618346,9.33225038865138,4.435543649378875,2.2334761849877656,7.8528278122817445,4.605170185988092
2023,6,Perth Dupont Library,35000359,Library,3627,70.0,22333.25,4771.98,0.03,20.208987151916187,2.712150835401158,3.006127413975416,0.9977419863048265,8.196161139282902,4.248495242049359
2023,6,Police Dog Service,35000283,Police Station,9440,168.0,154343.44,8523.39,0.03,25.992928516949153,2.224971969279661,3.257824520910842,0.7997443174622902,9.152711259139547,5.123963979403259
2023,6,Police Headquarters,35000285,Police Station,425000,168.0,8966198.340000002,314803.6000000001,0.03,29.007766560000007,2.0558203901176477,3.3675636065449246,0.7206749848847137,12.959844447906553,5.123963979403259
2023,6,Police Marine Hq,35000286,Police Station,23035,168.0,406373.73,46093.36,0.03,39.01240784892555,4.373195418276535,3.6638797455031256,1.4754939588955198,10.044770077370018,5.123963979403259
2023,6,Property Dept Workshop,34999127,Office,39170,70.0,121036.41,101377.69,0.03,30.731430666326265,5.06452986443707,3.4252859310732178,1.6222613129457846,10.575666426659877,4.248495242049359
2023,6,Public Health HQ,34999128,Office,111385,70.0,1672489.24,22604.28,0.03,17.182771023028234,0.840306137092068,2.843907197090347,-0.17398900462102515,11.620747947498975,4.248495242049359
2023,6,Regent Park,34999249,Community Center,6168,100.0,33128.44,0.0,0.03,5.371018158236057,0.16113054474708172,1.6810174917100218,-1.82554040560996,8.727129915243166,4.605170185988092
2023,6,Regent Park Community Centre,34999250,Community Center,55004,100.0,858499.8299999998,172.67,0.03,15.64147963057232,0.4742690344338592,2.749926336177658,-0.7459805351076826,10.915161188842836,4.605170185988092
2023,6,Riverdale Library,35000363,Library,9658,70.0,131321.01,18438.69,0.03,33.9869765168772,4.075414556844066,3.5259774076149557,1.4049724732593785,9.175541866433488,4.248495242049359
2023,6,Runnymede Library,35000364,Library,12034,70.0,137760.46,19609.39,0.03,28.850651919561244,3.473695528502576,3.362132589564011,1.2452190210599643,9.395491255780296,4.248495242049359
2023,6,S Walter Stewart Library,35000365,Library,25847,70.0,285350.09,21770.93,0.03,20.03573422060587,1.9492575242774792,2.997517390314848,0.667448543288607,10.159949819043163,4.248495242049359
2023,6,S.H. Armstrong Community Centre,34999251,Community Center,18277,100.0,160095.47,15806.54,0.03,17.9958044099141,1.9241247163101167,2.8901386423887505,0.6544711715097052,9.813398717754442,4.605170185988092
2023,6,Sanderson Library,35000366,Library,12702,70.0,170087.72,10242.12,0.03,22.002327318532515,1.9506962777515355,3.091148234969267,0.6681863743565436,9.44951474036292,4.248495242049359
2023,6,Scadding Court C.C.,34999469,Recreation,46694,100.0,824099.21,111382.03,0.03,43.12458325266629,5.111745747419369,3.764093211598541,1.6315409794180258,10.751370955745383,4.605170185988092
2023,6,South District Office & Workshop,34999132,Office,13487,70.0,108998.15,19059.68,0.03,23.17457791947802,2.957187645881219,3.143055898534307,1.084238697051482,9.509481537516857,4.248495242049359
2023,6,Spadina Road Library,35000368,Library,3952,70.0,73243.34999999999,7080.090000000001,0.03,37.66667793522268,3.99750844888664,3.62877582920939,1.3856712792663628,8.281977058867758,4.248495242049359
2023,6,St Albans Boys Club,34999470,Recreation,23293,100.0,238728.79,56206.38,0.03,36.01996000515176,4.942872093762074,3.5840732293960484,1.5979465577533434,10.055908165231354,4.605170185988092
2023,6,St Clair Silverthorn Library,35000369,Library,4587,70.0,62554.11,5912.210000000001,0.03,27.40277148463048,2.8851054523653805,3.310644157352907,1.0595614512384626,8.430981494597171,4.248495242049359
2023,6,St Lawrence Community Recreation Centre,34999471,Recreation,46113,100.0,896031.1,211303.3700000001,0.03,68.37011453603108,9.385524836163343,4.2249358071624314,2.239168591347872,10.738850184893042,4.605170185988092
2023,6,St Lawrence Hall,34999133,Office,55413,70.0,870916.49,52202.1,0.03,25.777974807355676,2.281192658762384,3.249520437689678,0.8246984021477706,10.922569502247429,4.248495242049359
2023,6,St Lawrence Library,35000370,Library,4833,70.0,67138.62,0.0,0.03,13.891707014276845,0.4167512104283054,2.6312920444115737,-0.8752658529084081,8.483222671845084,4.248495242049359
2023,6,Stan Wadlow Clubhouse,34999255,Community Center,10323,100.0,119587.59,33032.17,0.03,45.759097704155764,6.494471207013465,3.823390628873551,1.870951231413764,9.24212969446559,4.605170185988092
2023,6,Sunshine Center for Seniors,34999256,Community Center,2250,100.0,28478.3,0.0,0.03,12.657022222222222,0.37971066666666664,2.538212177534631,-0.9683457197853508,7.718685495198466,4.605170185988092
2023,6,TPS Station #43/Amelie House,34999138,Office,9365,70.0,89078.95,22063.7,0.03,34.673706994127066,4.811183790710091,3.545981676223068,1.5709431641722278,9.144734614878189,4.248495242049359
2023,6,Toronto Island Service Office,34999135,Office,20968,70.0,86407.19,10431.2,0.03,9.434014021365892,1.0792899132010685,2.244321671119805,0.076303337119463,9.950752745003243,4.248495242049359
2023,6,Toronto Reference Library,35000374,Library,434841,70.0,8042839.91,401181.14,0.03,28.349337999866616,2.327182044103477,3.3446036789264,0.8446581125036872,12.982735726011732,4.248495242049359
2023,6,Traffic Services and Garage,35000291,Police Station,297988,168.0,2464999.59,476920.16,0.03,25.365138525041274,3.322662708095628,3.233375732270891,1.2007664819925383,12.60480849622037,5.123963979403259
2023,6,Trinity Community Recreation Centre,34999473,Recreation,36909,100.0,550111.25,186452.83,0.03,68.85657900241132,10.151432548429922,4.232025776200097,2.3176148333051443,10.516210702728278,4.605170185988092
2023,6,University Settlement,34999474,Recreation,47566,100.0,471932.24,121214.14,0.03,37.137855930706806,5.193001937097927,3.614636824874924,1.647311937883088,10.769873499281642,4.605170185988092
2023,6,Wallace Emerson Community Centre,34999420,Recreation,51882,100.0,881038.27,99689.56000000001,0.03,37.50284820939825,4.200585807409121,3.624416882342759,1.4352239935177298,10.856727188188485,4.605170185988092
2023,6,Waterfront Neighbourhood Centre,34999262,Community Center,123214,100.0,774401.3099999999,942.36,0.03,6.366693028389631,0.20324243073027415,1.851080186960661,-1.59335577242715,11.721677959989071,4.605170185988092
2023,6,Wellesley Community Centre,34999263,Community Center,41904,100.0,1616179.6,213529.92,0.03,92.9906248949981,10.94588498281787,4.532498680491165,2.392963584975845,10.643136566747494,4.605170185988092
2023,6,Wellesley Place Employment & Social Services,34999139,Office,52108,70.0,964269.5800000001,0.0,0.03,18.50521186765948,0.5551563560297843,2.918052414984114,-0.588505482335868,10.861073766817455,4.248495242049359
2023,6,Weston Library,35000376,Library,11944,70.0,161153.99,12233.58,0.03,24.431398559946413,2.37234819825854,3.195869131275208,0.863880265580724,9.387984339219026,4.248495242049359
2023,6,Wychwood Library,35000379,Library,6381,70.0,263105.98,22439.74,0.03,78.79053490048582,7.992465121454319,4.366792874173323,2.0784992380329625,8.761080103868347,4.248495242049359
2023,6,York Civic Center,34999140,Office,72915,70.0,867087.77,107293.28,0.03,27.607213884660222,3.183474236851128,3.3180771112038454,1.1579731277301277,11.197049658147666,4.248495242049359
2023,6,York Humber Employment & Social Services,34999141,Office,32980,70.0,355439.4500000001,0.0,0.03,10.777424196482722,0.3233227258944816,2.3774535941171058,-1.1291043032028762,10.40365659611359,4.248495242049359
2023,6,York Recreation Centre,34999475,Recreation,67879,100.0,1421294.49,129451.99,0.03,41.30646802693027,4.291697100576025,3.721019098526349,1.4566822492529017,11.12548198735986,4.605170185988092
2023,6,Yorkville Library,35000381,Library,9053,70.0,148010.92,13039.3,0.03,31.732093670606424,3.2573536838617034,3.4573285873642545,1.1809151123117476,9.11085147347544,4.248495242049359
2024,7,#11 Police Division,35000256,Police Station,62000,168.0,1069237.33,42259.56,0.03,24.525313399999998,1.8267376558064516,3.1997057841669245,0.6025316742044461,11.03488966402723,5.123963979403259
2024,7,#12 Police Division,35000257,Police Station,25780,168.0,702365.4600000001,9985.35,0.03,31.3812644685803,1.5613972517455392,3.4462110418588976,0.44558109458052375,10.157354276493178,5.123963979403259
2024,7,#13 Police Division,35000258,Police Station,20344,168.0,506566.2499999999,31468.53,0.03,41.42008210774675,3.718444437180495,3.723765838286737,1.3133054187826712,9.920541307101956,5.123963979403259
2024,7,#14 Police Division,35000259,Police Station,64200,168.0,1422277.38,29327.38,0.03,27.03261368224299,1.5421529342679128,3.2970440512201113,0.43317944938528036,11.069758489678053,5.123963979403259
2024,7,#51 Police Division,35000268,Police Station,56000,168.0,1329777.96,158611.23,0.03,53.99546243571429,6.153312707678573,3.988900014065389,1.816990588452751,10.933106969717286,5.123963979403259
2024,7,#52 Police Division,35000269,Police Station,71677,168.0,1163785.42,49665.65000000001,0.03,23.63679509466077,1.8181742574326496,3.1628046120554334,0.5978328423349315,11.179925194094393,5.123963979403259
2024,7,#53 Police Division,35000270,Police Station,52183,168.0,656462.7200000001,54724.4,0.03,23.78014510472759,2.3919562692831,3.168850993209014,0.8721115538489835,10.862512050330492,5.123963979403259
2024,7,#55 Police Division,35000272,Police Station,23519,168.0,506037.43,16178.37,0.03,28.862724673668097,1.9669106539393681,3.3625509589263873,0.6764641158736967,10.065563884101888,5.123963979403259
2024,7,175 Memorial Park Ave,34999089,Office,6394,70.0,77099.26,8509.0,0.03,26.270781983109167,2.9181680950891464,3.2684573704074102,1.070956054709116,8.763115329619787,4.248495242049359
2024,7,275 Merton St,34999096,Office,66747,70.0,374376.3799999999,134213.4,0.03,27.083996164621627,4.030971171738056,3.298943006012904,1.3940073324691817,11.108664631432267,4.248495242049359
2024,7,50 Richmond St. E,35000112,Office,13800,100.0,76759.95000000001,11771.67,0.03,14.672564173913043,1.8055200413043477,2.6859793671952974,0.5908486618146431,9.532423871145296,4.605170185988092
2024,7,51 Lisgar,34999099,Office,10053,70.0,122950.92,12375.42,0.03,25.377539600119366,2.731692969262907,3.2338645151173306,1.0049215522535933,9.215626376405421,4.248495242049359
2024,7,Annette Community Recreation Centre,34999449,Recreation,20774,100.0,702660.8599999999,0.0,0.03,33.82405218061037,1.014721565418311,3.5211721523962627,0.014614255076280835,9.941457483787756,4.605170185988092
2024,7,Annette Street Library,35000296,Library,7806,70.0,356003.4300000001,13008.57,0.03,63.40442705611069,4.569506260568794,4.1495336863888115,1.5194051598066058,8.96264794774056,4.248495242049359
2024,7,Archives and Records Centre,34999102,Office,39590,70.0,490337.14,34565.87000000001,0.03,21.71004373831776,2.0487787438747165,3.0777749985504355,0.7172438809346361,10.586331840100176,4.248495242049359
2024,7,Armour Heights Community Centre,34999191,Community Center,19773,100.0,196672.02,31074.19,0.03,26.730610893642844,3.3173357401507104,3.2858093841224774,1.199161972856197,9.892072649720829,4.605170185988092
2024,7,Atlantic Ave Storage Bldg,34999103,Office,43002,70.0,97020.78,29185.61,0.03,9.504746169945584,1.3714752851030185,2.2517912706859233,0.31588701089266297,10.669001905221974,4.248495242049359
2024,7,Beaches Employment & Social Services,34999105,Office,25327,70.0,280362.76,33732.45999999999,0.03,25.294169573972432,2.890628122556954,3.230573917553776,1.0614738219539888,10.13962629934515,4.248495242049359
2024,7,Beaches Library,35000299,Library,8000,70.0,189634.23,17748.88,0.03,47.399033550000006,4.973078172499999,3.8586018392526613,1.6040389989937305,8.987196820661973,4.248495242049359
2024,7,Beaches Recreation Centre,34999451,Recreation,14445,100.0,404043.83,0.0,0.03,27.971189338871582,0.8391356801661474,3.331175028257336,-0.17538286906264555,9.578103612900335,4.605170185988092
2024,7,Bloor Gladstone Library,35000302,Library,20627,70.0,495812.7100000001,51003.0,0.03,50.444793232171435,5.471040107625928,3.9208795349753722,1.6994687460045395,9.934356176198595,4.248495242049359
2024,7,Centre Island Police Division,35000273,Police Station,1001,168.0,18472.4,0.0,0.03,18.453946053946055,0.5536183816183816,2.9152782258805,-0.5912796714394817,6.90875477931522,5.123963979403259
2024,7,Chaplin Crescent Storage,34999107,Office,18299,70.0,286806.08,15246.06,0.03,24.571506683425326,2.0707067959997816,3.201587506729699,0.7278899963402894,9.814601692527686,4.248495242049359
2024,7,Church Isabella Resident Coop,34999199,Community Center,19106,100.0,904.2600000000002,0.0,0.03,0.04732858787815347,0.001419857636344604,-3.0506407711703134,-6.557198668490296,9.857757700829954,4.605170185988092
2024,7,City Hall,34999109,Office,780061,70.0,10465799.26,3798.33,0.03,13.468645944868413,0.4118531367803287,2.6003644616031556,-0.887088457306465,13.567127400736117,4.248495242049359
2024,7,City Hall Ancillary Office Building,34999110,Office,14768,70.0,197284.13,11773.11,0.03,21.87303255687974,1.9321958430390034,3.0852544879418846,0.6586570986855449,9.600217956742634,4.248495242049359
2024,7,College Shaw Library,35000309,Library,7684,70.0,163640.81,24026.27,0.03,54.69044424778761,6.645456659292035,4.001689000342468,1.8939334120450324,8.946895523888447,4.248495242049359
2024,7,Danforth Coxwell Library,35000310,Library,9617,70.0,236546.83,13926.1,0.03,40.06213767287095,3.519646771342414,3.6904316905930883,1.2583606355242525,9.171287644712482,4.248495242049359
2024,7,Davenport 1347,34999201,Community Center,2282,100.0,7450.52,3452.47,0.03,19.422830674846626,3.0042552453987725,2.9664492130468014,1.1000296988005156,7.732807530422021,4.605170185988092
2024,7,Davenport Library,35000311,Library,3604,100.0,197080.47,0.0,0.03,54.68381520532741,1.6405144561598224,4.001567782745175,0.49500988542519336,8.189799618728228,4.605170185988092
2024,7,David Appleton Community Centre,34999202,Community Center,2906,100.0,58594.96,6370.349999999999,0.03,43.5754638678596,4.8159983310392285,3.774494236624458,1.571943361461449,7.974532844130228,4.605170185988092
2024,7,Deer Park Library,35000313,Library,16558,70.0,297870.89,35352.13,0.03,40.79186123928011,4.641114170189636,3.708482582082039,1.5349544602989753,9.71462464769875,4.248495242049359
2024,7,Dufferin Employment & Social Services,34999111,Office,27894,100.0,229268.75,33546.04,0.03,21.063327496952752,2.556822447121245,3.047533495029991,0.9387652559322424,10.23616689091864,4.605170185988092
2024,7,Dufferin St Clair Library,35000316,Library,11208,70.0,192685.67,33752.93,0.03,49.354654032833686,6.300851947715917,3.899032068075932,1.8406848540509397,9.324383088016843,4.248495242049359
2024,7,East York Civic Centre,34999114,Office,67544,70.0,1351267.88,120580.57,0.03,39.07184009830629,4.0295705224742395,3.665402005431854,1.3936598001739466,11.120534516349336,4.248495242049359
2024,7,East York Community Centre,34999454,Recreation,31000,100.0,795057.9499999997,192545.72,0.03,91.98213676129032,12.701034407096774,4.5215943925583035,2.541683439525424,10.341742483467284,4.605170185988092
2024,7,Eastview Neighbourhood C.C.,34999208,Community Center,25510,100.0,427146.12,52737.29,0.03,38.82322137201098,4.473646322618581,3.659018556575485,1.4982038082262843,10.146825811135857,4.605170185988092
2024,7,Evelyn Gregory Library,35000321,Library,6200,70.0,166252.9700000001,18536.88,0.03,58.74626587096776,6.5478928354838715,4.073227591361166,1.879143293382886,8.732304571033183,4.248495242049359
2024,7,Fairbank Memorial Community Centre,34999214,Community Center,19364,100.0,308312.26,22879.36,0.03,28.54078830820079,2.747398180128073,3.351334232837548,1.0106543475108714,9.871170951059584,4.605170185988092
2024,7,Fairmount Park Community Centre,34999456,Recreation,4359,100.0,5882.65,0.0,0.03,1.3495411791695342,0.04048623537508602,0.2997646674005376,-3.206793229919444,8.379997952238393,4.605170185988092
2024,7,Fire Academy,34999302,Fire Station,61214,168.0,768601.3600000001,113913.29,0.03,32.43041293168229,3.9514730435848007,3.4790966532533427,1.374088431821277,11.022131200509191,5.123963979403259
2024,7,Fire Station 131,34999315,Fire Station,5845,168.0,49088.23999999999,9652.03,0.03,26.034545834046195,3.424156857142857,3.259424342024304,1.230855268311642,8.67334187390617,5.123963979403259
2024,7,Fire Station 132,34999316,Fire Station,7664,168.0,86397.14,15124.96,0.03,32.35017129436326,4.129300934237995,3.476619315967304,1.418108127328274,8.944289319650697,5.123963979403259
2024,7,Fire Station 134,34999318,Fire Station,7126,168.0,46732.63,10932.17,0.03,22.942493067639628,3.1437942001122647,3.132990783548607,1.1454304144449334,8.871505346165781,5.123963979403259
2024,7,Fire Station 135,34999319,Fire Station,12718,168.0,119703.1,16292.16,0.03,23.093518540651047,2.7432247491743986,3.139551995501271,1.0091341441346238,9.450773591827353,5.123963979403259
2024,7,Fire Station 135 - OLD,34999320,Fire Station,10592,168.0,15931.06,0.0,0.03,1.504065332326284,0.04512195996978852,0.40817166363093144,-3.0983862336890504,9.26785427817679,5.123963979403259
2024,7,Fire Station 224,34999335,Fire Station,3767,168.0,121274.5,18086.85,0.03,83.47280541544995,10.189294889832759,4.424520895163067,2.321337648553194,8.23403420769204,5.123963979403259
2024,7,Fire Station 226,34999337,Fire Station,11808,168.0,84267.17,38691.19000000001,0.03,42.13152771002711,6.508620519139569,3.7407963371428123,1.873127531944236,9.376532546840254,5.123963979403259
2024,7,Fire Station 227,34999338,Fire Station,10484,168.0,129813.33,28856.71,0.03,41.778232811903855,5.6589221489889345,3.7323754577686548,1.7332334410395935,9.257605564443297,5.123963979403259
2024,7,Fire Station 311,34999349,Fire Station,12755,168.0,97735.06999999999,23844.37,0.03,27.62782764406115,3.82101817875343,3.318823512755738,1.3405169260439795,9.453678630575912,5.123963979403259
2024,7,Fire Station 312,34999350,Fire Station,9806,168.0,175708.67,47239.44000000001,0.03,69.36833461146237,9.79178302467877,4.239430489778229,2.2815435670970556,9.190749722211178,5.123963979403259
2024,7,Fire Station 313,34999351,Fire Station,12099,168.0,179487.01,44562.27,0.03,54.17076234399537,7.520351348871807,3.992141322747731,2.017612858794756,9.400878083541478,5.123963979403259
2024,7,Fire Station 314,34999352,Fire Station,11937,168.0,48406.65,21762.85,0.03,23.52633727067102,3.623911732428583,3.158120528517739,1.2875540314902323,9.387398099095039,5.123963979403259
2024,7,Fire Station 315,34999353,Fire Station,7244,168.0,33427.78000000001,33704.90000000001,0.03,54.3064759801215,9.076469671452237,3.994643482814288,2.2056853143063355,8.887928819003305,5.123963979403259
2024,7,Fire Station 322,34999355,Fire Station,7535,168.0,141643.6500000001,19984.66,0.03,47.124063543463855,5.65890396284008,3.852783773813994,1.733230227321928,8.927314111060596,5.123963979403259
2024,7,Fire Station 323,34999356,Fire Station,10236,168.0,106761.01,37377.84,0.03,49.42910719030871,7.327633933177022,3.90053946505396,1.9916526715903566,9.23366619727968,5.123963979403259
2024,7,Fire Station 324,34999357,Fire Station,13153,168.0,116186.79,37956.93000000001,0.03,39.65382820649282,5.808626642591045,3.6801874933948064,1.759344164710563,9.48440514846878,5.123963979403259
2024,7,Fire Station 325,34999358,Fire Station,10129,168.0,289453.42,45375.1,0.03,76.4201291341692,9.462846253332017,4.336246131812788,2.2473732102559945,9.223157875686796,5.123963979403259
2024,7,Fire Station 332,34999360,Fire Station,24865,168.0,489139.4500000001,114912.9399999999,0.03,69.02914334204702,9.468004875930015,4.234528782701354,2.2479182066421006,10.12121647114884,5.123963979403259
2024,7,Fire Station 333,34999361,Fire Station,12723,168.0,253216.62,62287.40000000001,0.03,72.18785286489036,10.001618643401715,4.279271788875807,2.302746944235598,9.4511666581427,5.123963979403259
2024,7,Fire Station 334/TPS Station #36,34999362,Fire Station,13003,168.0,634775.3700000001,36482.94,0.03,78.78283236176269,6.854340447589018,4.366695109698742,1.9248820935916129,9.47293537905132,5.123963979403259
2024,7,Fire Station 335/TPS Station #59,34999363,Fire Station,4402,168.0,174379.02,13852.27,0.03,73.22155011358473,7.233435090867787,4.293489778098762,1.9787140396412588,8.389814262086407,5.123963979403259
2024,7,Fire Station 341,34999364,Fire Station,9268,168.0,127901.58,28768.89999999999,0.03,46.952247734138965,6.377007369443244,3.8491310795698306,1.8526989229610138,9.134322885552267,5.123963979403259
2024,7,Fire Station 342,34999365,Fire Station,3057,168.0,53170.23,15881.99,0.03,72.87860098135427,10.501933166503107,4.288795056573083,2.351559351312644,8.025189321890835,5.123963979403259
2024,7,Fire Station 343,34999366,Fire Station,9827,168.0,45173.28,23487.53,0.03,30.12314036837285,4.729291088836878,3.405293659394968,1.5537753157612113,9.192888978362427,5.123963979403259
2024,7,Fire Station 344,34999367,Fire Station,11238,168.0,135676.35,44504.17000000001,0.03,54.367403950880956,7.969638820964587,3.995764782195187,2.0756391744558886,9.327056171672144,5.123963979403259
2024,7,Fire Station 345,34999368,Fire Station,12809,168.0,212700.07,51497.23,0.03,59.54332784760715,8.221342878444844,4.086704246662698,2.1067335629325212,9.457903327831136,5.123963979403259
2024,7,Fire Station 421,34999373,Fire Station,9461,168.0,180915.96,39050.61,0.03,63.20436262551527,8.50266363069443,4.146373327655163,2.1403794827236666,9.154933364704444,5.123963979403259
2024,7,Fire Station 422,34999374,Fire Station,7944,168.0,105740.91,27992.28,0.03,50.943914954682775,7.168353119335348,3.930725320832231,1.9696759377593651,8.980172205725008,5.123963979403259
2024,7,Fire Station 423,34999375,Fire Station,12335,168.0,119362.02,29911.34,0.03,35.57479782732063,4.94856463234698,3.5716374609610506,1.5990975612669867,9.420196028963456,5.123963979403259
2024,7,Fire Station 424,34999376,Fire Station,5866,168.0,75185.48000000001,24092.06,0.03,56.680647937265604,8.274192236617798,4.037432846254417,2.113141301588245,8.676928249537397,5.123963979403259
2024,7,Fire Station 425,34999377,Fire Station,7955,168.0,62553.12,6176.810000000001,0.03,16.156059182903835,1.7274978768070401,2.782295160909599,0.5466740476036737,8.981555940771887,5.123963979403259
2024,7,Fire Station 426,34999378,Fire Station,12486,168.0,277109.09,43346.90999999999,0.03,59.27071029953547,7.334829954348869,4.082115259860474,1.9926342285516967,9.43236329562169,5.123963979403259
2024,7,Fire Station 442,34999385,Fire Station,15479,168.0,405985.7400000001,32021.3,0.03,48.32180528457912,4.76080428322243,3.8778829139505726,1.5604166210335377,9.647239545573877,5.123963979403259
2024,7,Fire Warehouse & Mechanical Building,34999390,Fire Station,23002,168.0,246269.7,46814.15000000002,0.03,32.442605947308934,4.2308526715068275,3.479472557318882,1.4424035499326102,10.043336447652527,5.123963979403259
2024,7,"Forensic Service, Store & Garage",35000277,Police Station,62484,168.0,2873754.78,298543.39,0.03,97.02000808526984,10.55813481195186,4.574917226153182,2.35689663502154,11.0426658029509,5.123963979403259
2024,7,Forest Hill Community Centre,34999218,Community Center,32841,100.0,346605.02,55629.92999999999,0.03,28.645067823756886,3.5706356727870645,3.3549812755923125,1.2727436395450378,10.399433013772667,4.605170185988092
2024,7,Forestry W District Office,34999118,Office,8999,70.0,19738.94,0.0,0.03,2.1934592732525835,0.0658037781975775,0.785479874436756,-2.7210780228832254,9.104868739033948,4.248495242049359
2024,7,Former Hydro Building,34999119,Office,22497,70.0,267675.92,43415.56,0.03,32.50896123038627,4.064167149397698,3.4815157814948474,1.4022088387113247,10.021137245969499,4.248495242049359
2024,7,Fort York Library,35000323,Library,16008,70.0,318199.16,11081.25,0.03,27.27054660169915,1.9261029516491754,3.3058072407233263,0.6554987655554275,9.68084387626357,4.248495242049359
2024,7,Frankland Community Centre,34999457,Recreation,15308,100.0,25047.07,0.0,0.03,1.6362078651685392,0.04908623595505618,0.49238128705848966,-3.014176610261492,9.636130846545592,4.605170185988092
2024,7,Gerrard Ashdale Library,35000324,Library,6504,70.0,127904.66,11050.35,0.03,37.810946801968015,3.853761093173432,3.632598658635816,1.349049578754056,8.780172651227646,4.248495242049359
2024,7,Harwood Hall,34999220,Community Center,4306,100.0,20199.44,11550.87,0.03,33.340160613098,5.29382361124013,3.506762694740498,1.666540784632554,8.367764677924308,4.605170185988092
2024,7,Health Office - Jane Street Clinic,34999121,Office,2540,70.0,14908.49,13.29,0.03,5.925365039370079,0.18613574409448816,1.779242295143642,-1.6812790644889226,7.8399193600125825,4.248495242049359
2024,7,High Park Forest School,34999221,Community Center,9181,100.0,61428.10999999999,12804.41,0.03,21.585797712667464,2.8798730977017755,3.072035585131016,1.0577462298790443,9.1248914101437,4.605170185988092
2024,7,High Park Library,35000327,Library,8850,70.0,230098.95,27236.31,0.03,58.86810630508475,6.691968362711865,4.075299455121476,1.9009080554851694,9.088172738001974,4.248495242049359
2024,7,High Park Nature Centre,34999222,Community Center,2465,100.0,11808.83,0.0,0.03,4.7906004056795135,0.1437180121703854,1.5666557492210569,-1.9399021480989247,7.80994708647679,4.605170185988092
2024,7,High Park Office,34999122,Office,2228,100.0,9923.07,0.0,0.03,4.453801615798922,0.13361404847396768,1.4937580271604358,-2.012799870159546,7.708859601047175,4.605170185988092
2024,7,High Park Training Centre,34999223,Community Center,2874,100.0,17526.35,0.0,0.03,6.098242867084203,0.18294728601252608,1.808000675107217,-1.6985572222127647,7.96346006663897,4.605170185988092
2024,7,Jane & Dundas Library,35000332,Library,11955,70.0,534673.2399999999,27403.87,0.03,69.20506663320785,5.745130194061061,4.237074077186261,1.7483525731955571,9.388904879892426,4.248495242049359
2024,7,John Innes Community Recreation Centre,34999460,Recreation,28055,100.0,884431.8399999999,125346.79,0.03,79.24204445553376,9.528573829620388,4.372507022299304,2.2542950558503816,10.241922148185072,4.605170185988092
2024,7,Jones Library,35000334,Library,3636,70.0,118135.5,18452.99,0.03,86.69236336633662,10.723943561606163,4.462365798780674,2.3724789575480556,8.19863945529737,4.248495242049359
2024,7,Joseph J. Piccininni Community Centre,34999461,Recreation,70030,100.0,2015653.089999999,243780.7500000001,0.03,65.96075253462801,7.550655625446239,4.189059906580653,2.021634397298198,11.156679000649563,4.605170185988092
2024,7,June Rowlands Park,34999227,Community Center,2777,100.0,40978.47000000001,5333.45,0.03,35.268172848397555,4.132125153042852,3.5629809382107736,1.418791839531237,7.9291264873067995,4.605170185988092
2024,7,Lillian H Smith Library,35000337,Library,38935,70.0,1856448.87,119125.32,0.03,80.35719243867986,7.307903064594838,4.386481602037755,1.9889563741413683,10.569648868011086,4.248495242049359
2024,7,Locke Library,35000338,Library,11647,70.0,125913.06,32992.71000000001,0.03,41.064239958787674,5.765981601270714,3.7151376687726763,1.7519754083111394,9.362803915102651,4.248495242049359
2024,7,Main Square Community Centre,34999462,Recreation,35123,100.0,892458.0599999998,165149.06,0.03,75.62708256128462,9.794866214731089,4.3258144539723,2.2818583927765372,10.466611465513152,4.605170185988092
2024,7,Main Street Library,35000340,Library,8664,70.0,203437.8500000001,6965.059999999999,0.03,32.066561726685144,2.2487321975992614,3.4678137964416,0.8103665896750656,9.066931788680826,4.248495242049359
2024,7,Maria A Shchuka Library,35000341,Library,25475,70.0,570909.62,85616.73999999999,0.03,58.30407863395485,7.128441457899902,4.065672050325436,1.964092621177217,10.145452858090925,4.248495242049359
2024,7,Markdale Preschool,34999233,Community Center,1829,100.0,8073.24,3180.92,0.03,22.988226134499726,3.4733430945872064,3.134982177664265,1.2451175579949683,7.511524648390866,4.605170185988092
2024,7,Mary McCormick Recreation Centre,34999463,Recreation,43099,100.0,1063979.48,128547.33,0.03,56.54110221582867,6.470192007471171,4.03496784651881,1.8672057846522474,10.671255073966524,4.605170185988092
2024,7,Masaryk-Cowan Community Recreation Centre,34999234,Community Center,32270,100.0,276917.81,28878.66,0.03,18.13888747443446,1.976555319491788,2.898058112841207,0.6813555919750153,10.381893285046008,4.605170185988092
2024,7,Matty Eckler Recreation Centre,34999464,Recreation,47383,100.0,950185.7200000002,222083.49,0.03,70.1103221239685,9.60530054850896,4.250070031759291,2.26231508657001,10.766018793563921,4.605170185988092
2024,7,Metro Hall,34999123,Office,787186,70.0,6482673.180000001,0.0,0.03,8.235249585231445,0.24705748755694337,2.1084236710308573,-1.3981342262891243,13.576219840009188,4.248495242049359
2024,7,Mount Dennis Community Centre,34999236,Community Center,3003,100.0,46789.89999999999,4412.91,0.03,31.27531761571761,3.290342027972028,3.442829211879908,1.190991519243745,8.00736706798333,4.605170185988092
2024,7,Mount Dennis Library,35000346,Library,11350,70.0,405933.9300000001,10009.43,0.03,45.183668933920714,2.7670601700440534,3.810735714779502,1.0177854461571005,9.336973022909548,4.248495242049359
2024,7,Mount Pleasant Library,35000347,Library,5829,70.0,94064.39000000001,19581.61,0.03,52.015094321495965,6.937417140161263,3.9515339518730546,1.936929535240687,8.67060073804555,4.248495242049359
2024,7,Niagara C.C,34999238,Community Center,5296,100.0,53851.59,0.0,0.03,10.168351586102718,0.30505054758308153,2.3192801109941885,-1.1872777863257933,8.574707097616844,4.605170185988092
2024,7,North Toronto Memorial Community Centre,34999467,Recreation,74820,100.0,2540692.43,407066.03,0.03,92.06305306602513,11.470123182705159,4.522473701710847,2.439745670639422,11.222840507902138,4.605170185988092
2024,7,Northern District Library,35000351,Library,117452,70.0,4450465.46,264250.05,0.03,61.920239706433264,5.45872620176753,4.125847100501906,1.6972154661594068,11.673785018464852,4.248495242049359
2024,7,Oakwood Village Library,35000354,Library,17270,70.0,269055.84,14929.08,0.03,24.811720579038795,2.127992928778228,3.2113161455223427,0.7551792485313149,9.756726171140725,4.248495242049359
2024,7,Old City Hall,34999126,Office,350494,70.0,1851321.6,0.0,0.03,5.282035070500494,0.15846105211501482,1.6643114534781338,-1.842246443841848,12.767098866907977,4.248495242049359
2024,7,Palmerston Library,35000355,Library,8493,70.0,454678.0399999998,0.0,0.03,53.53562227716941,1.6060686683150822,3.98034726928732,0.47378937196733845,9.04699757378001,4.248495242049359
2024,7,Pam McConnell Aquatic Centre,34999468,Recreation,30505,100.0,859243.2300000001,26359.72,0.03,37.39600195377807,2.504976856908703,3.621563799074711,0.9182794957351498,10.325645883585953,4.605170185988092
2024,7,Pape Danforth Library,35000356,Library,8175,70.0,291211.4,20446.71999999999,0.03,62.334234813455645,5.873332247094798,4.132510790329851,1.7704221468957748,9.008835995765454,4.248495242049359
2024,7,Parkdale Library,35000357,Library,24083,70.0,499804.36,47068.63,0.03,41.62676279533281,4.377069676950546,3.7287432968413206,1.4763794769649754,10.089261476380335,4.248495242049359
2024,7,Parliament Library,35000358,Library,14634,70.0,272686.57,13928.99,0.03,28.79924717780511,2.387466645483122,3.3603492471407086,0.8702328227968866,9.591102867443976,4.248495242049359
2024,7,Pelmo Park,34999246,Community Center,2573,100.0,100665.75,10924.42,0.03,84.46892949863971,9.329880808394869,4.436383768504604,2.2332222396859964,7.8528278122817445,4.605170185988092
2024,7,Perth Dupont Library,35000359,Library,3627,70.0,46348.94,7559.559999999999,0.03,35.03861064240419,4.387202360077198,3.5564506146657653,1.478691748331829,8.196161139282902,4.248495242049359
2024,7,Police Dog Service,35000283,Police Station,9440,168.0,250486.6299999999,12330.44,0.03,40.484717076271174,3.305230311440678,3.7009245467542957,1.1955061566368832,9.152711259139547,5.123963979403259
2024,7,Police Headquarters,35000285,Police Station,425000,168.0,9145812.25,212772.1799999999,0.03,26.866397958588234,1.6073170006588233,3.290876359253076,0.4745663296905223,12.959844447906553,5.123963979403259
2024,7,Police Marine Hq,35000286,Police Station,23035,168.0,372962.65,51431.17,0.03,40.036793818102886,4.774827743433905,3.689798876767933,1.563357898608459,10.044770077370018,5.123963979403259
2024,7,Property Dept Workshop,34999127,Office,39170,70.0,120732.95,97143.48000000001,0.03,29.56919367883585,4.856640632627012,3.3867330652760255,1.5803469710497589,10.575666426659877,4.248495242049359
2024,7,Public Health HQ,34999128,Office,111385,70.0,1677037.89,25530.77,0.03,17.504210742918705,0.8920029256183507,2.86244146586766,-0.114285866566306,11.620747947498975,4.248495242049359
2024,7,Regent Park,34999249,Community Center,6168,100.0,14808.81,0.0,0.03,2.40090953307393,0.0720272859922179,0.8758476376762432,-2.630710259643738,8.727129915243166,4.605170185988092
2024,7,Regent Park Community Centre,34999250,Community Center,55004,100.0,956068.5400000002,223.97,0.03,17.425287971783874,0.529276099374591,2.8579224828677834,-0.6362450562962484,10.915161188842836,4.605170185988092
2024,7,Riverdale Library,35000363,Library,9658,70.0,274668.7299999999,28227.34,0.03,59.65383321598674,6.467672607165045,4.0885584082727995,1.866816323112339,9.175541866433488,4.248495242049359
2024,7,Runnymede Library,35000364,Library,12034,70.0,294017.88,29964.96,0.03,51.02573149410005,5.516305846767493,3.9323300445872706,1.7077084055961447,9.395491255780296,4.248495242049359
2024,7,S Walter Stewart Library,35000365,Library,25847,70.0,638225.67,39553.79,0.03,41.036102727589274,3.6804890583046386,3.714452233575225,1.303045639629346,10.159949819043163,4.248495242049359
2024,7,S.H. Armstrong Community Centre,34999251,Community Center,18277,100.0,330217.5400000001,11907.26,0.03,25.025281873392792,1.7935313596323248,3.219886588809889,0.584186502996146,9.813398717754442,4.605170185988092
2024,7,Sanderson Library,35000366,Library,12702,70.0,356749.8000000001,15989.33,0.03,41.530140481813895,3.260746097464966,3.726419440295595,1.1819560334462453,9.44951474036292,4.248495242049359
2024,7,Scadding Court C.C.,34999469,Recreation,46694,100.0,662116.76,70781.49999999999,0.03,30.36928042146742,3.3373616374694812,3.4134315850485213,1.2051805659290222,10.751370955745383,4.605170185988092
2024,7,South District Office & Workshop,34999132,Office,13487,70.0,88332.87999999999,19550.92,0.03,22.031341706828798,2.981189569214799,3.0924660625833416,1.0923224051647251,9.509481537516857,4.248495242049359
2024,7,Spadina Road Library,35000368,Library,3952,70.0,141183.67,14976.47,0.03,76.19746194331984,8.351545792004048,4.333328154307434,2.1224466465201886,8.281977058867758,4.248495242049359
2024,7,St Albans Boys Club,34999470,Recreation,23293,100.0,271558.54,64307.82000000001,0.03,41.14395129867342,5.653289761730992,3.717076924791996,1.7322376344249661,10.055908165231354,4.605170185988092
2024,7,St Clair Silverthorn Library,35000369,Library,4587,70.0,106596.65,9830.589999999998,0.03,46.127610900370605,4.814140590800086,3.8314117056447787,1.571557543504457,8.430981494597171,4.248495242049359
2024,7,St Lawrence Hall,34999133,Office,55413,70.0,756837.3,70825.38,0.03,27.308616360781766,2.865043834118348,3.3072022700052073,1.0525836499164494,10.922569502247429,4.248495242049359
2024,7,St Lawrence Library,35000370,Library,4833,70.0,56264.21999999999,0.0,0.03,11.641675977653628,0.34925027932960884,2.4545914162730464,-1.0519664810469351,8.483222671845084,4.248495242049359
2024,7,Stan Wadlow Clubhouse,34999255,Community Center,10323,100.0,97094.75999999998,19908.8,0.03,30.002978204010457,3.986985139978688,3.401296650201886,1.3830353412738092,9.24212969446559,4.605170185988092
2024,7,Sunshine Center for Seniors,34999256,Community Center,2250,100.0,28016.07999999999,0.0,0.03,12.451591111111107,0.3735477333333332,2.5218484148342264,-0.9847094824857553,7.718685495198466,4.605170185988092
2024,7,TPS Station #43/Amelie House,34999138,Office,9365,70.0,87634.15,22892.23,0.03,35.464299668980246,4.976508097170315,3.5685265473557393,1.6047284597840028,9.144734614878189,4.248495242049359
2024,7,Toronto Island Service Office,34999135,Office,20968,70.0,77403.15,8066.490000000001,0.03,7.800136550934757,0.8497625805990081,2.0541412400724055,-0.16279828545636088,9.950752745003243,4.248495242049359
2024,7,Toronto Reference Library,35000374,Library,434841,70.0,15159183.47,631988.6,0.03,50.38352344420145,3.8377834764891077,3.9196642058390534,1.344894980279936,12.982735726011732,4.248495242049359
2024,7,Traffic Services and Garage,35000291,Police Station,297988,168.0,4974288.99,806593.3200000001,0.03,45.60151968401412,5.700546456300254,3.8199410423688467,1.7405620397716755,12.60480849622037,5.123963979403259
2024,7,University Settlement,34999474,Recreation,47566,100.0,464268.01,125142.57,0.03,37.85877848883656,5.34682162195686,3.6338628813630782,1.6765022950130528,10.769873499281642,4.605170185988092
2024,7,Wallace Emerson Community Centre,34999420,Recreation,51882,100.0,1606711.0,148528.77,0.03,61.54346909525462,6.428531998959177,4.119743739693692,1.8607462072009573,10.856727188188485,4.605170185988092
2024,7,Waterfront Neighbourhood Centre,34999262,Community Center,123214,100.0,731619.0800000001,2381.99,0.03,6.144259038745597,0.21527079057574625,1.8155181562107765,-1.5358585522979884,11.721677959989071,4.605170185988092
2024,7,Wellesley Community Centre,34999263,Community Center,41904,100.0,1703709.55,200977.84,0.03,91.88031885261549,10.43312612495227,4.520486848130673,2.344985948452564,10.643136566747494,4.605170185988092
2024,7,Wellesley Place Employment & Social Services,34999139,Office,52108,70.0,1009877.04,0.0,0.03,19.380460581868427,0.5814138174560528,2.964265372014501,-0.5422925253054803,10.861073766817455,4.248495242049359
2024,7,Weston Library,35000376,Library,11944,70.0,300408.18,18510.25,0.03,41.70275033489619,3.7316171843603483,3.730567081903092,1.3168417011858085,9.387984339219026,4.248495242049359
2024,7,York Civic Center,34999140,Office,72915,70.0,941507.78,100594.77,0.03,27.64671087704862,3.037616218473565,3.319506765270451,1.11107306916059,11.197049658147666,4.248495242049359
2024,7,York Humber Employment & Social Services,34999141,Office,32980,70.0,348203.85,0.0,0.03,10.558030624620981,0.3167409187386294,2.3568867670053804,-1.1496711303146014,10.40365659611359,4.248495242049359
2024,7,York Recreation Centre,34999475,Recreation,67879,100.0,1362640.26,133455.65,0.03,41.072299267814785,4.379079117989363,3.7153339105215704,1.4768384552489566,11.12548198735986,4.605170185988092
2024,7,Yorkville Library,35000381,Library,9053,70.0,268380.5,21619.3,0.03,55.150184911079194,5.476868474538827,4.010060098569307,1.7005334913702472,9.11085147347544,4.248495242049359
